,ArtistId,AlbumId
0,3mY9Ii0cL5SQxpOTAm8SHx,03WJAI8NnJHvCNqnlLw8kg
1,1dWEYMPtNmvSVaDNLgB6NV,3FkPbizteyMJfT2tLyvnkE
2,0p4nmQO2msCgU4IF37Wi3j,6lqE05fiHWJVYYdMVJNj38
3,7jefIIksOi1EazgRTfW2Pk,3usnShwygMXVZB4IV5dwnU
4,3PhoLpVuITZKcymswpck5b,0OmYuz9hwn1XoqmDaU0yJ7
5,3oIj2x6uKeZSe9Bprnt4TX,1xJikgsecBOKSNpyjk8i2W
6,5pKCCKE2ajJHZ9KAiaK11H,1YhbfKnjrFgnYyWz6cn9mN
7,7gOdHgIoIKoe4i9Tta6qdD,1Uf67JAtkVWfdydzFFqNF2
8,5T0MSzX9RC5NA6gAI6irSn,1fpyVGMhF1vdl4XTFo1IH0
9,4Rxn7Im3LGfyRkY2FlHhWi,4G4Azv5cwPBv3vCA0mD6ei
10,1G9G7WwrXka3Z1r7aIDjI7,1UsmQ3bpJTyK6ygoOOjG1r
11,5qiLLUOcfPrzP1P1vHcgnS,3CwCyyfZizaKd1DQH2cXZL
12,2D4FOOOtWycb3Aw9nY5n3c,3HJiLDJgWA9Z0MvCxlzHYQ
13,1HY2Jd0NmPuamShAr6KMms,2eRJUtI7nXrQ5uYQ7tzTo9
14,5pKCCKE2ajJHZ9KAiaK11H,1YhbfKnjrFgnYyWz6cn9mN
15,5pKCCKE2ajJHZ9KAiaK11H,3JSWZWeTHF4HDGt5Eozdy7
16,5pKCCKE2ajJHZ9KAiaK11H,7vN82vd1Vq44fjlhjfvHJp
17,4fwuXg6XQHfdlOdmw36OHa,7zzHLsTPVTgBLXHbZFve33
18,68EB3QvNdVLkC7SAgDbHIR,737av5XsHhJigOC64BV6IY
19,5qiLLUOcfPrzP1P1vHcgnS,3CwCyyfZizaKd1DQH2cXZL
20,2feDdbD5araYcm6JhFHHw7,6PBBbXmYV7dKnaik0fjkOI
21,1yxSLGMDHlW21z4YXirZDS,5qf9TEgsN87fxwEKsJP2vu
22,1BEUkE2CSUgHTLSBMZdnFB,5qlydNF8Z6kousaKWE5jRB
23,6FBDaR13swtiWwGhX1WQsP,652N05EcNH1a4bIlUixQE2
24,5zzrJD2jXrE9dZ1AklRFcL,3j70PDKieTWQAwas3bPHRZ
25,4kI8Ie27vjvonwaB2ePh8T,4VzzEviJGYUtAeSsJlI9QB
26,1moxjboGR7GNWYIMWsRjgG,58nHLzYWPr0YhsECvy7Ihw
27,2NhdGz9EDv2FeUw6udu2g1,4kOQZmvSBepp9AUhc65Tgf
28,7CajNmpbOovFoOoasH2HaY,48zisMeiXniWLzOQghbPqS
29,7CajNmpbOovFoOoasH2HaY,3pEgGUv379EDinvg1TN7Kt
30,5pKCCKE2ajJHZ9KAiaK11H,3pEgGUv379EDinvg1TN7Kt
31,2NhdGz9EDv2FeUw6udu2g1,2hnaJ8ktG2FSP1EthsCo6N
32,2YNsq8GNCQdXpFmoMbVEat,7f6tCP6FmoNdCK7cJWJlFs
33,3oDbviiivRWhXwIE8hxkVV,6cSZPNsr3tMEHo5QrMjk1F
34,3oDbviiivRWhXwIE8hxkVV,6cSZPNsr3tMEHo5QrMjk1F
35,3YQKmKGau1PzlVlkL1iodx,3J8W9AOjQhnBLCX33m3atT
36,7G1GBhoKtEPnP86X2PvEYO,3ofZeSWPHZOE5WC2tNZDez
37,6vWDO969PvNqNYHIOW5v0m,3ROfBX6lJLnCmaw1NrP5K9
38,6vWDO969PvNqNYHIOW5v0m,3ROfBX6lJLnCmaw1NrP5K9
39,5pKCCKE2ajJHZ9KAiaK11H,3JSWZWeTHF4HDGt5Eozdy7
40,3whuHq0yGx60atvA2RCVRW,6Z6lqEBbZq9Rbf7aYRxAZP
41,3whuHq0yGx60atvA2RCVRW,6Z6lqEBbZq9Rbf7aYRxAZP
42,3WrFJ7ztbogyGnTHbHJFl2,0PT5m6hwPRrpBwIHVnvbFX
43,3WrFJ7ztbogyGnTHbHJFl2,6QaVfG1pHYl1z15ZxkvVDW
44,3WrFJ7ztbogyGnTHbHJFl2,39Ti6Be9Ak2d6YbxlQo0Ba
45,3WrFJ7ztbogyGnTHbHJFl2,3PRoXYsngSwjEQWR5PsHWR
46,3WrFJ7ztbogyGnTHbHJFl2,7vEJAtP3KgKSpOHVgwm3Eh
47,3WrFJ7ztbogyGnTHbHJFl2,1ntNLgaYCFCkeW4flGYlY2
48,3WrFJ7ztbogyGnTHbHJFl2,2BtE7qm1qzM80p9vLSiXkj
49,3WrFJ7ztbogyGnTHbHJFl2,3KzAvEXcqJKBF97HrXwlgf
50,3WrFJ7ztbogyGnTHbHJFl2,3GmCXW10kLxmZrEY0JpRlw
51,7MhMgCo0Bl0Kukl93PZbYS,1bgkxe4t0HNeLn9rhrx79x
52,7MhMgCo0Bl0Kukl93PZbYS,1bgkxe4t0HNeLn9rhrx79x
53,7MhMgCo0Bl0Kukl93PZbYS,1bgkxe4t0HNeLn9rhrx79x
54,2DaxqgrOhkeH0fpeiQq2f4,2u30gztZTylY4RG7IvfXs8
55,4QQgXkCYTt3BlENzhyNETg,2FW0uQ4WL25umm5p2VrZO7
56,7rZNSLWMjTbwdLNskFbzFf,1xY00CnzzvXjYZjZEUS4qI
57,06HL4z0CvFAxyc27GXpf02,5fy0X0JmZRZnVa2UEicIOl
58,06HL4z0CvFAxyc27GXpf02,1yGbNOtRIgdIiGHOEBaZWf
59,06HL4z0CvFAxyc27GXpf02,1KVKqWeRuXsJDLTW0VuD29
60,06HL4z0CvFAxyc27GXpf02,1NAmidJlEaVgA3MpcPFYGq
61,6jJ0s89eD6GaHleKKya26X,3OALgjCs6Lqw41853v4wEQ
62,6jJ0s89eD6GaHleKKya26X,6xfXgolXzcKzk77P3b3MeZ
63,6jJ0s89eD6GaHleKKya26X,06SY6Ke6mXzZHhURLVU57R
64,6jJ0s89eD6GaHleKKya26X,3OALgjCs6Lqw41853v4wEQ
65,6jJ0s89eD6GaHleKKya26X,06SY6Ke6mXzZHhURLVU57R
66,6jJ0s89eD6GaHleKKya26X,5BvgP623rtvlc0HDcpzquz
67,2wpJOPmf1TIOzrB9mzHifd,6qw0EJCehUrx573mxhZds2
68,2wpJOPmf1TIOzrB9mzHifd,6kX0sZ1DFl2TE3e7SNJbkV
69,2wpJOPmf1TIOzrB9mzHifd,6kX0sZ1DFl2TE3e7SNJbkV
70,3hv9jJF3adDNsBSIQDqcjp,3vLaOYCNCzngDf8QdBg2V1
71,5WWSL6rElJeUk3Uc1S2RyD,5AMshCv0RIe2aO4XaQWhp4
72,5WWSL6rElJeUk3Uc1S2RyD,5AMshCv0RIe2aO4XaQWhp4
73,4yiQZ8tQPux8cPriYMWUFP,2dhQoUl5mJz1AQXTJkXn2H
74,2FXC3k01G6Gw61bmprjgqS,0Uv83rRhY5QvHKkQoULRKk
75,2jzc5TC5TVFLXQlBNiIUzE,1ER3B6zev5JEAaqhnyyfbf
76,3fMbdgg4jU18AjLCKBhRSm,1C2h7mLntPSeVYciMRTF4a
77,3fMbdgg4jU18AjLCKBhRSm,24TAupSNVWSAHL0R7n71vm
78,3fMbdgg4jU18AjLCKBhRSm,2ANVost0y2y52ema1E9xAZ
79,3fMbdgg4jU18AjLCKBhRSm,1C2h7mLntPSeVYciMRTF4a
80,4vnmifnGOeRXfNTRtgd4Tj,6b8P3pIe2bH7AO9EQOQwk9
81,0GOx72r5AAEKRGQFn3xqXK,4tYyNNlbRGlS6FNphD8mur
82,0GOx72r5AAEKRGQFn3xqXK,5EU9LqPsBwrhq4Iqx0xMVd
83,0GOx72r5AAEKRGQFn3xqXK,4tYyNNlbRGlS6FNphD8mur
84,5j4HeCoUlzhfWtjAfM1acR,6uyslsVGFsHKzdGUosFwBM
85,5j4HeCoUlzhfWtjAfM1acR,6uyslsVGFsHKzdGUosFwBM
86,5j4HeCoUlzhfWtjAfM1acR,6uyslsVGFsHKzdGUosFwBM
87,5j4HeCoUlzhfWtjAfM1acR,6uyslsVGFsHKzdGUosFwBM
88,5j4HeCoUlzhfWtjAfM1acR,6uyslsVGFsHKzdGUosFwBM
89,5j4HeCoUlzhfWtjAfM1acR,6uyslsVGFsHKzdGUosFwBM
90,5j4HeCoUlzhfWtjAfM1acR,6uyslsVGFsHKzdGUosFwBM
91,5j4HeCoUlzhfWtjAfM1acR,4kEbcH3VT6NYfpv8Wkkk80
92,6Tz0QRoe083BcOo2YbG9lV,4uHwcjASOWAKw4P4wveKRb
93,62GoYifV4njTdvS8lD2yYT,7tYuKBe5T0EdlyB9vvkEeV
94,62GoYifV4njTdvS8lD2yYT,3CPy9CKtGs9JRVDZmaIrRP
95,5qEtLvXzYdv0G7c7rR6irX,2WZEYrTuMBIo2rYVcm4WHc
96,4hFBhdNVZZuVk5FYThUwaN,2WZEYrTuMBIo2rYVcm4WHc
97,3ajnX0cwvrpQ5tbryVQyQn,2WZEYrTuMBIo2rYVcm4WHc
98,5qEtLvXzYdv0G7c7rR6irX,2WZEYrTuMBIo2rYVcm4WHc
99,4hFBhdNVZZuVk5FYThUwaN,2WZEYrTuMBIo2rYVcm4WHc
100,3ajnX0cwvrpQ5tbryVQyQn,2WZEYrTuMBIo2rYVcm4WHc
101,5qEtLvXzYdv0G7c7rR6irX,2WZEYrTuMBIo2rYVcm4WHc
102,4hFBhdNVZZuVk5FYThUwaN,2WZEYrTuMBIo2rYVcm4WHc
103,3ajnX0cwvrpQ5tbryVQyQn,2WZEYrTuMBIo2rYVcm4WHc
104,5qEtLvXzYdv0G7c7rR6irX,2WZEYrTuMBIo2rYVcm4WHc
105,4hFBhdNVZZuVk5FYThUwaN,2WZEYrTuMBIo2rYVcm4WHc
106,3ajnX0cwvrpQ5tbryVQyQn,2WZEYrTuMBIo2rYVcm4WHc
107,4hFBhdNVZZuVk5FYThUwaN,4pJT0WKggr4xk149X8A6KC
108,0uq5PttqEjj3IH1bzwcrXF,3x2jF7blR6bFHtk4MccsyJ
109,2ysnwxxNtSgbb9t1m2Ur4j,5RaDlk1pjOFSfcGDurH62z
110,2ysnwxxNtSgbb9t1m2Ur4j,6mcMKGEgukjyiR5IKElQ2E
111,2ysnwxxNtSgbb9t1m2Ur4j,2NaulYO6lGXTyIzWTJvRJj
112,2ysnwxxNtSgbb9t1m2Ur4j,6mcMKGEgukjyiR5IKElQ2E
113,0LcJLqbBmaGUft1e9Mm8HV,1kM6xcSYO5ASJaWgygznL7
114,5lpH0xAS4fVfLkACg9DAuM,6ZJD7uT643TvniNyAk90bd
115,0LcJLqbBmaGUft1e9Mm8HV,1V6a99EbTTIegOhWoPxYI9
116,0LcJLqbBmaGUft1e9Mm8HV,7iLuHJkrb9KHPkMgddYigh
117,1vCWHaC5f2uS3yhpwWbIA6,2H6i2CrWgXE1HookLu8Au0
118,5lpH0xAS4fVfLkACg9DAuM,02f3y3NTsddjdUMoNiBppI
119,5e4Dhzv426EvQe3aDb64jL,4UMe0Ods7kygK6OISasZe9
120,13saZpZnCDWOI9D4IJhp1f,4zZKTqu7DkowQnO9Bcx4KX
121,13saZpZnCDWOI9D4IJhp1f,4zZKTqu7DkowQnO9Bcx4KX
122,13saZpZnCDWOI9D4IJhp1f,5ySBiY0v4b03yw98oRDKtS
123,1HY2Jd0NmPuamShAr6KMms,1X9AFMWRGElyFpySNcyI4x
124,1HY2Jd0NmPuamShAr6KMms,1qwlxZTNLe1jq3b0iidlue
125,1HY2Jd0NmPuamShAr6KMms,6rePArBMb5nLWEaY9aQqL4
126,1HY2Jd0NmPuamShAr6KMms,1qwlxZTNLe1jq3b0iidlue
127,1HY2Jd0NmPuamShAr6KMms,1X9AFMWRGElyFpySNcyI4x
128,6T5tfhQCknKG4UnH90qGnz,3Wv4X8OA65pGpFzBkuUgAh
129,3BmGtnKgCSGYIUhmivXKWX,20jYcJane0oI7VoMNoEOJU
130,3BmGtnKgCSGYIUhmivXKWX,0VmE95pr5TSpZWucfyhO5e
131,6xeFne1rkxMhKSW3ipvkdV,2ww2PXKiHk7rNv26rjVJ5z
132,46lnlnlU0dXTDpoAUmH6Qx,13BmLGhVCLBn3XzKB8HIai
133,7slfeZO9LsJbWgpkIoXBUJ,1k1Cr3nlJDa8pvwZUJ5xfj
134,7xkAwz0bQTGDSbkofyQt3U,3fzHLg5RfRXzQlHlR4F7JG
135,1aX2dmV8XoHYCOQRxjPESG,3ls7tE9D2SIvjTmRuEtsQY
136,7daPb40K64rRtF36wd3ZOk,46VuziW5kL9Hrt5NlJtLjY
137,0LyfQWJT6nXafLPZqxe9Of,46VuziW5kL9Hrt5NlJtLjY
138,3FUY2gzHeIiaesXtOAdB7A,5zseibu9WEsPaZmkJUMkz1
139,3FUY2gzHeIiaesXtOAdB7A,1CwXS6MAz8Wo7K4TzW9iuR
140,3FUY2gzHeIiaesXtOAdB7A,5zseibu9WEsPaZmkJUMkz1
141,0du5cEVh5yTK9QJze8zA0C,6J84szYCnMfzEcvIcfWMFL
142,057gc1fxmJ2vkctjQJ7Tal,2fgCz9kQCDy0miERCy0sCJ
143,0SdiiPkr02EUdekHZJkt58,3StpQT9Qd87FSeWeQAdg1h
144,06HL4z0CvFAxyc27GXpf02,2gP2LMVcIFgVczSJqn340t
145,7GlBOeep6PqTfFi59PTUUN,0XKconI47eiBP6qPYHsx9f
146,3eVa5w3URK5duf6eyVDbu9,2IYQwwgxgOIn7t3iF6ufFD
147,0du5cEVh5yTK9QJze8zA0C,2IYQwwgxgOIn7t3iF6ufFD
148,7GlBOeep6PqTfFi59PTUUN,0EiI8ylL0FmWWpgHVTsZjZ
149,7GlBOeep6PqTfFi59PTUUN,1WAjjRMfZjEXtB0lQrAw6Q
150,7t0rwkOPGlDPEhaOcVtOt9,1Bwo9JkbVwxGyvtQNMRK21
151,2wY79sveU1sp5g7SokKOiI,08jWgM4vSkTose4blKBWov
152,1VBflYyxBhnDc9uVib98rw,2qNh11QcLGcpXX9qXDEuzD
153,2KsP6tYLJlTBvSUxnwlVWa,2V7Z0e4YnXyNfpoK3cYIGp
154,7oPftvlwr6VrsViSDV7fJY,19ObsGobUuBr11M6ysFMug
155,7oPftvlwr6VrsViSDV7fJY,4uG8q3GPuWHQlRbswMIRS6
156,7oPftvlwr6VrsViSDV7fJY,3id4t9IqRoB1f1smOERtrY
157,7oPftvlwr6VrsViSDV7fJY,5dN7F9DV0Qg1XRdIgW8rke
158,3qm84nBOXUEQ2vnTfUTTFC,28yHV3Gdg30AiB8h8em1eW
159,1kMfh3vEY0iWX9SDVjvdsd,3RhyUw9EciePIQ8hapCIC5
160,17UkABEasVRlCcIFZ3wHb7,4SHxRDZ1isIdrxfunwZ9vD
161,17UkABEasVRlCcIFZ3wHb7,0LLP9HeDd489SxAGAaRYIq
162,6tbjWDEIzxoDsBA1FuhfPW,43lok9zd7BW5CoYkXZs7S0
163,6tbjWDEIzxoDsBA1FuhfPW,43lok9zd7BW5CoYkXZs7S0
164,0NKDgy9j66h3DLnN8qu1bB,5jNDWA19BJbE24x1UUJGRY
165,5MspMQqdVbdwP6ax3GXqum,5jNDWA19BJbE24x1UUJGRY
166,7gcCQIlkkfbul5Mt0jBQkg,5jNDWA19BJbE24x1UUJGRY
167,79bxUQsBIXO8nVLB9fYKf7,13951tG4W6CJeLUp7FCP5y
168,5MmVJVhhYKQ86izuGHzJYA,2FgwL1GHWKTbuHzAIjEeFa
169,5MmVJVhhYKQ86izuGHzJYA,2FgwL1GHWKTbuHzAIjEeFa
170,0LyfQWJT6nXafLPZqxe9Of,6EIxlDI9fMtooJ1H3toRFO
171,0LyfQWJT6nXafLPZqxe9Of,6EIxlDI9fMtooJ1H3toRFO
172,0LyfQWJT6nXafLPZqxe9Of,6EIxlDI9fMtooJ1H3toRFO
173,0LyfQWJT6nXafLPZqxe9Of,6EIxlDI9fMtooJ1H3toRFO
174,0LyfQWJT6nXafLPZqxe9Of,6EIxlDI9fMtooJ1H3toRFO
175,0LyfQWJT6nXafLPZqxe9Of,6EIxlDI9fMtooJ1H3toRFO
176,0LyfQWJT6nXafLPZqxe9Of,6EIxlDI9fMtooJ1H3toRFO
177,0LyfQWJT6nXafLPZqxe9Of,6EIxlDI9fMtooJ1H3toRFO
178,0LyfQWJT6nXafLPZqxe9Of,1aIXRUYjG6ORo2vGnrAk0F
179,0LyfQWJT6nXafLPZqxe9Of,6EIxlDI9fMtooJ1H3toRFO
180,0LyfQWJT6nXafLPZqxe9Of,0LhDyJXelg31FKLW5GDcKi
181,0LyfQWJT6nXafLPZqxe9Of,0LhDyJXelg31FKLW5GDcKi
182,0LyfQWJT6nXafLPZqxe9Of,0LhDyJXelg31FKLW5GDcKi
183,0LyfQWJT6nXafLPZqxe9Of,0LhDyJXelg31FKLW5GDcKi
184,0LyfQWJT6nXafLPZqxe9Of,0LhDyJXelg31FKLW5GDcKi
185,0LyfQWJT6nXafLPZqxe9Of,0LhDyJXelg31FKLW5GDcKi
186,0LyfQWJT6nXafLPZqxe9Of,0LhDyJXelg31FKLW5GDcKi
187,0LyfQWJT6nXafLPZqxe9Of,0LhDyJXelg31FKLW5GDcKi
188,0LyfQWJT6nXafLPZqxe9Of,6m7n9JuAOMcy8X3ntO0Ktf
189,0LyfQWJT6nXafLPZqxe9Of,6m7n9JuAOMcy8X3ntO0Ktf
190,0LyfQWJT6nXafLPZqxe9Of,6m7n9JuAOMcy8X3ntO0Ktf
191,0LyfQWJT6nXafLPZqxe9Of,6m7n9JuAOMcy8X3ntO0Ktf
192,0LyfQWJT6nXafLPZqxe9Of,6m7n9JuAOMcy8X3ntO0Ktf
193,0LyfQWJT6nXafLPZqxe9Of,6m7n9JuAOMcy8X3ntO0Ktf
194,0LyfQWJT6nXafLPZqxe9Of,6m7n9JuAOMcy8X3ntO0Ktf
195,0LyfQWJT6nXafLPZqxe9Of,6m7n9JuAOMcy8X3ntO0Ktf
196,0LyfQWJT6nXafLPZqxe9Of,6m7n9JuAOMcy8X3ntO0Ktf
197,0LyfQWJT6nXafLPZqxe9Of,6m7n9JuAOMcy8X3ntO0Ktf
198,0LyfQWJT6nXafLPZqxe9Of,6m7n9JuAOMcy8X3ntO0Ktf
199,0LyfQWJT6nXafLPZqxe9Of,6m7n9JuAOMcy8X3ntO0Ktf
200,0LyfQWJT6nXafLPZqxe9Of,6m7n9JuAOMcy8X3ntO0Ktf
201,0LyfQWJT6nXafLPZqxe9Of,6m7n9JuAOMcy8X3ntO0Ktf
202,0LyfQWJT6nXafLPZqxe9Of,6m7n9JuAOMcy8X3ntO0Ktf
203,1moxjboGR7GNWYIMWsRjgG,1rLLyY5p6HXNl2lKzINWp5
204,20JZFwl6HVl6yg8a4H3ZqK,6twKQ0EsUJHVlAr6XBylrj
205,20JZFwl6HVl6yg8a4H3ZqK,6twKQ0EsUJHVlAr6XBylrj
206,20JZFwl6HVl6yg8a4H3ZqK,6ApYSpXF8GxZAgBTHDzYge
207,20JZFwl6HVl6yg8a4H3ZqK,6twKQ0EsUJHVlAr6XBylrj
208,20JZFwl6HVl6yg8a4H3ZqK,01hp4DvayKlnqUQrmk0vvz
209,4RVnAU35WRWra6OZ3CbbMA,7lZXsT33rkuXF3WBZc5rQv
210,4RVnAU35WRWra6OZ3CbbMA,7vPWwkCumK2sGsdADtBlwB
211,4RVnAU35WRWra6OZ3CbbMA,4WzTXHp8bVKkKNu3UQ2Fqu
212,0lZoBs4Pzo7R89JM9lxwoT,02tfQwJSOLP77oCd9U8bqm
213,762310PdDnwsDxAQxzQkfX,0Zp2eVzR9FW6lKX05lRpcu
214,762310PdDnwsDxAQxzQkfX,0c2eDi1S58XzaqxwOC1FMZ
215,6c4sUNBgdonFJz8Kx2VsGz,2amS2W46IbhQKAxUZs0L4Z
216,6c4sUNBgdonFJz8Kx2VsGz,6c4eRgfN8nr9qN1IlXMckp
217,0LyfQWJT6nXafLPZqxe9Of,3r4au6XCgz7VqRPBZsyFfR
218,26dSoYclwsYLMAKD3tpOr4,0z7pVBGOD7HCIB7S8eLkLI
219,6zlR5ttMfMNmwf2lecU9Cc,7FWCgfnTgupXdyBy51ME9m
220,3YQKmKGau1PzlVlkL1iodx,3cQO7jp5S9qLBoIVtbkSM1
221,3YQKmKGau1PzlVlkL1iodx,3cQO7jp5S9qLBoIVtbkSM1
222,3YQKmKGau1PzlVlkL1iodx,3cQO7jp5S9qLBoIVtbkSM1
223,3YQKmKGau1PzlVlkL1iodx,3cQO7jp5S9qLBoIVtbkSM1
224,3YQKmKGau1PzlVlkL1iodx,3cQO7jp5S9qLBoIVtbkSM1
225,26dSoYclwsYLMAKD3tpOr4,3WNxdumkSMGMJRhEgK80qx
226,2wY79sveU1sp5g7SokKOiI,08jWgM4vSkTose4blKBWov
227,6zlR5ttMfMNmwf2lecU9Cc,7FWCgfnTgupXdyBy51ME9m
228,6zlR5ttMfMNmwf2lecU9Cc,4FKOLaEGqA7ZFYYW5r4X9z
229,6zlR5ttMfMNmwf2lecU9Cc,4FKOLaEGqA7ZFYYW5r4X9z
230,6zlR5ttMfMNmwf2lecU9Cc,7FWCgfnTgupXdyBy51ME9m
231,6zlR5ttMfMNmwf2lecU9Cc,4RS1iWb2MC9o21z3t8zxl4
