,external_urls,href,id,name,type,uri
spotify,https://open.spotify.com/artist/3mY9Ii0cL5SQxpOTAm8SHx,https://api.spotify.com/v1/artists/3mY9Ii0cL5SQxpOTAm8SHx,3mY9Ii0cL5SQxpOTAm8SHx,Warren Zevon,artist,spotify:artist:3mY9Ii0cL5SQxpOTAm8SHx
spotify,https://open.spotify.com/artist/1dWEYMPtNmvSVaDNLgB6NV,https://api.spotify.com/v1/artists/1dWEYMPtNmvSVaDNLgB6NV,1dWEYMPtNmvSVaDNLgB6NV,Saint Motel,artist,spotify:artist:1dWEYMPtNmvSVaDNLgB6NV
spotify,https://open.spotify.com/artist/0p4nmQO2msCgU4IF37Wi3j,https://api.spotify.com/v1/artists/0p4nmQO2msCgU4IF37Wi3j,0p4nmQO2msCgU4IF37Wi3j,Avril Lavigne,artist,spotify:artist:0p4nmQO2msCgU4IF37Wi3j
spotify,https://open.spotify.com/artist/7jefIIksOi1EazgRTfW2Pk,https://api.spotify.com/v1/artists/7jefIIksOi1EazgRTfW2Pk,7jefIIksOi1EazgRTfW2Pk,Electric Light Orchestra,artist,spotify:artist:7jefIIksOi1EazgRTfW2Pk
spotify,https://open.spotify.com/artist/3PhoLpVuITZKcymswpck5b,https://api.spotify.com/v1/artists/3PhoLpVuITZKcymswpck5b,3PhoLpVuITZKcymswpck5b,Elton John,artist,spotify:artist:3PhoLpVuITZKcymswpck5b
spotify,https://open.spotify.com/artist/3oIj2x6uKeZSe9Bprnt4TX,https://api.spotify.com/v1/artists/3oIj2x6uKeZSe9Bprnt4TX,3oIj2x6uKeZSe9Bprnt4TX,Remember Monday,artist,spotify:artist:3oIj2x6uKeZSe9Bprnt4TX
spotify,https://open.spotify.com/artist/5pKCCKE2ajJHZ9KAiaK11H,https://api.spotify.com/v1/artists/5pKCCKE2ajJHZ9KAiaK11H,5pKCCKE2ajJHZ9KAiaK11H,Rihanna,artist,spotify:artist:5pKCCKE2ajJHZ9KAiaK11H
spotify,https://open.spotify.com/artist/7gOdHgIoIKoe4i9Tta6qdD,https://api.spotify.com/v1/artists/7gOdHgIoIKoe4i9Tta6qdD,7gOdHgIoIKoe4i9Tta6qdD,Jonas Brothers,artist,spotify:artist:7gOdHgIoIKoe4i9Tta6qdD
spotify,https://open.spotify.com/artist/5T0MSzX9RC5NA6gAI6irSn,https://api.spotify.com/v1/artists/5T0MSzX9RC5NA6gAI6irSn,5T0MSzX9RC5NA6gAI6irSn,Estelle,artist,spotify:artist:5T0MSzX9RC5NA6gAI6irSn
spotify,https://open.spotify.com/artist/5K4W6rqBFWDnAN6FQUkS6x,https://api.spotify.com/v1/artists/5K4W6rqBFWDnAN6FQUkS6x,5K4W6rqBFWDnAN6FQUkS6x,Kanye West,artist,spotify:artist:5K4W6rqBFWDnAN6FQUkS6x
spotify,https://open.spotify.com/artist/4Rxn7Im3LGfyRkY2FlHhWi,https://api.spotify.com/v1/artists/4Rxn7Im3LGfyRkY2FlHhWi,4Rxn7Im3LGfyRkY2FlHhWi,Nick Jonas,artist,spotify:artist:4Rxn7Im3LGfyRkY2FlHhWi
spotify,https://open.spotify.com/artist/1G9G7WwrXka3Z1r7aIDjI7,https://api.spotify.com/v1/artists/1G9G7WwrXka3Z1r7aIDjI7,1G9G7WwrXka3Z1r7aIDjI7,Outkast,artist,spotify:artist:1G9G7WwrXka3Z1r7aIDjI7
spotify,https://open.spotify.com/artist/5qiLLUOcfPrzP1P1vHcgnS,https://api.spotify.com/v1/artists/5qiLLUOcfPrzP1P1vHcgnS,5qiLLUOcfPrzP1P1vHcgnS,The Next Step,artist,spotify:artist:5qiLLUOcfPrzP1P1vHcgnS
spotify,https://open.spotify.com/artist/69ftfICho7bWPjTg6EgHr4,https://api.spotify.com/v1/artists/69ftfICho7bWPjTg6EgHr4,69ftfICho7bWPjTg6EgHr4,Andrew Austin,artist,spotify:artist:69ftfICho7bWPjTg6EgHr4
spotify,https://open.spotify.com/artist/2D4FOOOtWycb3Aw9nY5n3c,https://api.spotify.com/v1/artists/2D4FOOOtWycb3Aw9nY5n3c,2D4FOOOtWycb3Aw9nY5n3c,Declan McKenna,artist,spotify:artist:2D4FOOOtWycb3Aw9nY5n3c
spotify,https://open.spotify.com/artist/1HY2Jd0NmPuamShAr6KMms,https://api.spotify.com/v1/artists/1HY2Jd0NmPuamShAr6KMms,1HY2Jd0NmPuamShAr6KMms,Lady Gaga,artist,spotify:artist:1HY2Jd0NmPuamShAr6KMms
spotify,https://open.spotify.com/artist/5pKCCKE2ajJHZ9KAiaK11H,https://api.spotify.com/v1/artists/5pKCCKE2ajJHZ9KAiaK11H,5pKCCKE2ajJHZ9KAiaK11H,Rihanna,artist,spotify:artist:5pKCCKE2ajJHZ9KAiaK11H
spotify,https://open.spotify.com/artist/5pKCCKE2ajJHZ9KAiaK11H,https://api.spotify.com/v1/artists/5pKCCKE2ajJHZ9KAiaK11H,5pKCCKE2ajJHZ9KAiaK11H,Rihanna,artist,spotify:artist:5pKCCKE2ajJHZ9KAiaK11H
spotify,https://open.spotify.com/artist/3nFkdlSjzX9mRTtwJOzDYB,https://api.spotify.com/v1/artists/3nFkdlSjzX9mRTtwJOzDYB,3nFkdlSjzX9mRTtwJOzDYB,JAY-Z,artist,spotify:artist:3nFkdlSjzX9mRTtwJOzDYB
spotify,https://open.spotify.com/artist/5pKCCKE2ajJHZ9KAiaK11H,https://api.spotify.com/v1/artists/5pKCCKE2ajJHZ9KAiaK11H,5pKCCKE2ajJHZ9KAiaK11H,Rihanna,artist,spotify:artist:5pKCCKE2ajJHZ9KAiaK11H
spotify,https://open.spotify.com/artist/4fwuXg6XQHfdlOdmw36OHa,https://api.spotify.com/v1/artists/4fwuXg6XQHfdlOdmw36OHa,4fwuXg6XQHfdlOdmw36OHa,Paloma Faith,artist,spotify:artist:4fwuXg6XQHfdlOdmw36OHa
spotify,https://open.spotify.com/artist/68EB3QvNdVLkC7SAgDbHIR,https://api.spotify.com/v1/artists/68EB3QvNdVLkC7SAgDbHIR,68EB3QvNdVLkC7SAgDbHIR,Marianas Trench,artist,spotify:artist:68EB3QvNdVLkC7SAgDbHIR
spotify,https://open.spotify.com/artist/5qiLLUOcfPrzP1P1vHcgnS,https://api.spotify.com/v1/artists/5qiLLUOcfPrzP1P1vHcgnS,5qiLLUOcfPrzP1P1vHcgnS,The Next Step,artist,spotify:artist:5qiLLUOcfPrzP1P1vHcgnS
spotify,https://open.spotify.com/artist/69ftfICho7bWPjTg6EgHr4,https://api.spotify.com/v1/artists/69ftfICho7bWPjTg6EgHr4,69ftfICho7bWPjTg6EgHr4,Andrew Austin,artist,spotify:artist:69ftfICho7bWPjTg6EgHr4
spotify,https://open.spotify.com/artist/2feDdbD5araYcm6JhFHHw7,https://api.spotify.com/v1/artists/2feDdbD5araYcm6JhFHHw7,2feDdbD5araYcm6JhFHHw7,Labrinth,artist,spotify:artist:2feDdbD5araYcm6JhFHHw7
spotify,https://open.spotify.com/artist/0Tob4H0FLtEONHU1MjpUEp,https://api.spotify.com/v1/artists/0Tob4H0FLtEONHU1MjpUEp,0Tob4H0FLtEONHU1MjpUEp,Tinie Tempah,artist,spotify:artist:0Tob4H0FLtEONHU1MjpUEp
spotify,https://open.spotify.com/artist/1yxSLGMDHlW21z4YXirZDS,https://api.spotify.com/v1/artists/1yxSLGMDHlW21z4YXirZDS,1yxSLGMDHlW21z4YXirZDS,Black Eyed Peas,artist,spotify:artist:1yxSLGMDHlW21z4YXirZDS
spotify,https://open.spotify.com/artist/1BEUkE2CSUgHTLSBMZdnFB,https://api.spotify.com/v1/artists/1BEUkE2CSUgHTLSBMZdnFB,1BEUkE2CSUgHTLSBMZdnFB,Mae Muller,artist,spotify:artist:1BEUkE2CSUgHTLSBMZdnFB
spotify,https://open.spotify.com/artist/6FBDaR13swtiWwGhX1WQsP,https://api.spotify.com/v1/artists/6FBDaR13swtiWwGhX1WQsP,6FBDaR13swtiWwGhX1WQsP,blink-182,artist,spotify:artist:6FBDaR13swtiWwGhX1WQsP
spotify,https://open.spotify.com/artist/5zzrJD2jXrE9dZ1AklRFcL,https://api.spotify.com/v1/artists/5zzrJD2jXrE9dZ1AklRFcL,5zzrJD2jXrE9dZ1AklRFcL,KT Tunstall,artist,spotify:artist:5zzrJD2jXrE9dZ1AklRFcL
spotify,https://open.spotify.com/artist/4kI8Ie27vjvonwaB2ePh8T,https://api.spotify.com/v1/artists/4kI8Ie27vjvonwaB2ePh8T,4kI8Ie27vjvonwaB2ePh8T,Portugal. The Man,artist,spotify:artist:4kI8Ie27vjvonwaB2ePh8T
spotify,https://open.spotify.com/artist/1moxjboGR7GNWYIMWsRjgG,https://api.spotify.com/v1/artists/1moxjboGR7GNWYIMWsRjgG,1moxjboGR7GNWYIMWsRjgG,Florence + The Machine,artist,spotify:artist:1moxjboGR7GNWYIMWsRjgG
spotify,https://open.spotify.com/artist/2NhdGz9EDv2FeUw6udu2g1,https://api.spotify.com/v1/artists/2NhdGz9EDv2FeUw6udu2g1,2NhdGz9EDv2FeUw6udu2g1,The Wanted,artist,spotify:artist:2NhdGz9EDv2FeUw6udu2g1
spotify,https://open.spotify.com/artist/7CajNmpbOovFoOoasH2HaY,https://api.spotify.com/v1/artists/7CajNmpbOovFoOoasH2HaY,7CajNmpbOovFoOoasH2HaY,Calvin Harris,artist,spotify:artist:7CajNmpbOovFoOoasH2HaY
spotify,https://open.spotify.com/artist/0X2BH1fck6amBIoJhDVmmJ,https://api.spotify.com/v1/artists/0X2BH1fck6amBIoJhDVmmJ,0X2BH1fck6amBIoJhDVmmJ,Ellie Goulding,artist,spotify:artist:0X2BH1fck6amBIoJhDVmmJ
spotify,https://open.spotify.com/artist/7CajNmpbOovFoOoasH2HaY,https://api.spotify.com/v1/artists/7CajNmpbOovFoOoasH2HaY,7CajNmpbOovFoOoasH2HaY,Calvin Harris,artist,spotify:artist:7CajNmpbOovFoOoasH2HaY
spotify,https://open.spotify.com/artist/5pKCCKE2ajJHZ9KAiaK11H,https://api.spotify.com/v1/artists/5pKCCKE2ajJHZ9KAiaK11H,5pKCCKE2ajJHZ9KAiaK11H,Rihanna,artist,spotify:artist:5pKCCKE2ajJHZ9KAiaK11H
spotify,https://open.spotify.com/artist/2NhdGz9EDv2FeUw6udu2g1,https://api.spotify.com/v1/artists/2NhdGz9EDv2FeUw6udu2g1,2NhdGz9EDv2FeUw6udu2g1,The Wanted,artist,spotify:artist:2NhdGz9EDv2FeUw6udu2g1
spotify,https://open.spotify.com/artist/2YNsq8GNCQdXpFmoMbVEat,https://api.spotify.com/v1/artists/2YNsq8GNCQdXpFmoMbVEat,2YNsq8GNCQdXpFmoMbVEat,Zach Sorgen,artist,spotify:artist:2YNsq8GNCQdXpFmoMbVEat
spotify,https://open.spotify.com/artist/3oDbviiivRWhXwIE8hxkVV,https://api.spotify.com/v1/artists/3oDbviiivRWhXwIE8hxkVV,3oDbviiivRWhXwIE8hxkVV,The Beach Boys,artist,spotify:artist:3oDbviiivRWhXwIE8hxkVV
spotify,https://open.spotify.com/artist/3oDbviiivRWhXwIE8hxkVV,https://api.spotify.com/v1/artists/3oDbviiivRWhXwIE8hxkVV,3oDbviiivRWhXwIE8hxkVV,The Beach Boys,artist,spotify:artist:3oDbviiivRWhXwIE8hxkVV
spotify,https://open.spotify.com/artist/3YQKmKGau1PzlVlkL1iodx,https://api.spotify.com/v1/artists/3YQKmKGau1PzlVlkL1iodx,3YQKmKGau1PzlVlkL1iodx,Twenty One Pilots,artist,spotify:artist:3YQKmKGau1PzlVlkL1iodx
spotify,https://open.spotify.com/artist/7G1GBhoKtEPnP86X2PvEYO,https://api.spotify.com/v1/artists/7G1GBhoKtEPnP86X2PvEYO,7G1GBhoKtEPnP86X2PvEYO,Nina Simone,artist,spotify:artist:7G1GBhoKtEPnP86X2PvEYO
spotify,https://open.spotify.com/artist/6vWDO969PvNqNYHIOW5v0m,https://api.spotify.com/v1/artists/6vWDO969PvNqNYHIOW5v0m,6vWDO969PvNqNYHIOW5v0m,Beyoncé,artist,spotify:artist:6vWDO969PvNqNYHIOW5v0m
spotify,https://open.spotify.com/artist/6vWDO969PvNqNYHIOW5v0m,https://api.spotify.com/v1/artists/6vWDO969PvNqNYHIOW5v0m,6vWDO969PvNqNYHIOW5v0m,Beyoncé,artist,spotify:artist:6vWDO969PvNqNYHIOW5v0m
spotify,https://open.spotify.com/artist/5pKCCKE2ajJHZ9KAiaK11H,https://api.spotify.com/v1/artists/5pKCCKE2ajJHZ9KAiaK11H,5pKCCKE2ajJHZ9KAiaK11H,Rihanna,artist,spotify:artist:5pKCCKE2ajJHZ9KAiaK11H
spotify,https://open.spotify.com/artist/3whuHq0yGx60atvA2RCVRW,https://api.spotify.com/v1/artists/3whuHq0yGx60atvA2RCVRW,3whuHq0yGx60atvA2RCVRW,Olly Murs,artist,spotify:artist:3whuHq0yGx60atvA2RCVRW
spotify,https://open.spotify.com/artist/5EvFsr3kj42KNv97ZEnqij,https://api.spotify.com/v1/artists/5EvFsr3kj42KNv97ZEnqij,5EvFsr3kj42KNv97ZEnqij,Shaggy,artist,spotify:artist:5EvFsr3kj42KNv97ZEnqij
spotify,https://open.spotify.com/artist/3whuHq0yGx60atvA2RCVRW,https://api.spotify.com/v1/artists/3whuHq0yGx60atvA2RCVRW,3whuHq0yGx60atvA2RCVRW,Olly Murs,artist,spotify:artist:3whuHq0yGx60atvA2RCVRW
spotify,https://open.spotify.com/artist/1Bk2KyFVMN5PeyVyDIiLqF,https://api.spotify.com/v1/artists/1Bk2KyFVMN5PeyVyDIiLqF,1Bk2KyFVMN5PeyVyDIiLqF,Lady Leshurr,artist,spotify:artist:1Bk2KyFVMN5PeyVyDIiLqF
spotify,https://open.spotify.com/artist/7hJcb9fa4alzcOq3EaNPoG,https://api.spotify.com/v1/artists/7hJcb9fa4alzcOq3EaNPoG,7hJcb9fa4alzcOq3EaNPoG,Snoop Dogg,artist,spotify:artist:7hJcb9fa4alzcOq3EaNPoG
spotify,https://open.spotify.com/artist/3WrFJ7ztbogyGnTHbHJFl2,https://api.spotify.com/v1/artists/3WrFJ7ztbogyGnTHbHJFl2,3WrFJ7ztbogyGnTHbHJFl2,The Beatles,artist,spotify:artist:3WrFJ7ztbogyGnTHbHJFl2
spotify,https://open.spotify.com/artist/3WrFJ7ztbogyGnTHbHJFl2,https://api.spotify.com/v1/artists/3WrFJ7ztbogyGnTHbHJFl2,3WrFJ7ztbogyGnTHbHJFl2,The Beatles,artist,spotify:artist:3WrFJ7ztbogyGnTHbHJFl2
spotify,https://open.spotify.com/artist/3WrFJ7ztbogyGnTHbHJFl2,https://api.spotify.com/v1/artists/3WrFJ7ztbogyGnTHbHJFl2,3WrFJ7ztbogyGnTHbHJFl2,The Beatles,artist,spotify:artist:3WrFJ7ztbogyGnTHbHJFl2
spotify,https://open.spotify.com/artist/3WrFJ7ztbogyGnTHbHJFl2,https://api.spotify.com/v1/artists/3WrFJ7ztbogyGnTHbHJFl2,3WrFJ7ztbogyGnTHbHJFl2,The Beatles,artist,spotify:artist:3WrFJ7ztbogyGnTHbHJFl2
spotify,https://open.spotify.com/artist/3WrFJ7ztbogyGnTHbHJFl2,https://api.spotify.com/v1/artists/3WrFJ7ztbogyGnTHbHJFl2,3WrFJ7ztbogyGnTHbHJFl2,The Beatles,artist,spotify:artist:3WrFJ7ztbogyGnTHbHJFl2
spotify,https://open.spotify.com/artist/3WrFJ7ztbogyGnTHbHJFl2,https://api.spotify.com/v1/artists/3WrFJ7ztbogyGnTHbHJFl2,3WrFJ7ztbogyGnTHbHJFl2,The Beatles,artist,spotify:artist:3WrFJ7ztbogyGnTHbHJFl2
spotify,https://open.spotify.com/artist/3WrFJ7ztbogyGnTHbHJFl2,https://api.spotify.com/v1/artists/3WrFJ7ztbogyGnTHbHJFl2,3WrFJ7ztbogyGnTHbHJFl2,The Beatles,artist,spotify:artist:3WrFJ7ztbogyGnTHbHJFl2
spotify,https://open.spotify.com/artist/3WrFJ7ztbogyGnTHbHJFl2,https://api.spotify.com/v1/artists/3WrFJ7ztbogyGnTHbHJFl2,3WrFJ7ztbogyGnTHbHJFl2,The Beatles,artist,spotify:artist:3WrFJ7ztbogyGnTHbHJFl2
spotify,https://open.spotify.com/artist/3WrFJ7ztbogyGnTHbHJFl2,https://api.spotify.com/v1/artists/3WrFJ7ztbogyGnTHbHJFl2,3WrFJ7ztbogyGnTHbHJFl2,The Beatles,artist,spotify:artist:3WrFJ7ztbogyGnTHbHJFl2
spotify,https://open.spotify.com/artist/7MhMgCo0Bl0Kukl93PZbYS,https://api.spotify.com/v1/artists/7MhMgCo0Bl0Kukl93PZbYS,7MhMgCo0Bl0Kukl93PZbYS,Blur,artist,spotify:artist:7MhMgCo0Bl0Kukl93PZbYS
spotify,https://open.spotify.com/artist/7MhMgCo0Bl0Kukl93PZbYS,https://api.spotify.com/v1/artists/7MhMgCo0Bl0Kukl93PZbYS,7MhMgCo0Bl0Kukl93PZbYS,Blur,artist,spotify:artist:7MhMgCo0Bl0Kukl93PZbYS
spotify,https://open.spotify.com/artist/7MhMgCo0Bl0Kukl93PZbYS,https://api.spotify.com/v1/artists/7MhMgCo0Bl0Kukl93PZbYS,7MhMgCo0Bl0Kukl93PZbYS,Blur,artist,spotify:artist:7MhMgCo0Bl0Kukl93PZbYS
spotify,https://open.spotify.com/artist/2DaxqgrOhkeH0fpeiQq2f4,https://api.spotify.com/v1/artists/2DaxqgrOhkeH0fpeiQq2f4,2DaxqgrOhkeH0fpeiQq2f4,Oasis,artist,spotify:artist:2DaxqgrOhkeH0fpeiQq2f4
spotify,https://open.spotify.com/artist/4QQgXkCYTt3BlENzhyNETg,https://api.spotify.com/v1/artists/4QQgXkCYTt3BlENzhyNETg,4QQgXkCYTt3BlENzhyNETg,"Earth, Wind & Fire",artist,spotify:artist:4QQgXkCYTt3BlENzhyNETg
spotify,https://open.spotify.com/artist/7rZNSLWMjTbwdLNskFbzFf,https://api.spotify.com/v1/artists/7rZNSLWMjTbwdLNskFbzFf,7rZNSLWMjTbwdLNskFbzFf,Sugababes,artist,spotify:artist:7rZNSLWMjTbwdLNskFbzFf
spotify,https://open.spotify.com/artist/06HL4z0CvFAxyc27GXpf02,https://api.spotify.com/v1/artists/06HL4z0CvFAxyc27GXpf02,06HL4z0CvFAxyc27GXpf02,Taylor Swift,artist,spotify:artist:06HL4z0CvFAxyc27GXpf02
spotify,https://open.spotify.com/artist/06HL4z0CvFAxyc27GXpf02,https://api.spotify.com/v1/artists/06HL4z0CvFAxyc27GXpf02,06HL4z0CvFAxyc27GXpf02,Taylor Swift,artist,spotify:artist:06HL4z0CvFAxyc27GXpf02
spotify,https://open.spotify.com/artist/06HL4z0CvFAxyc27GXpf02,https://api.spotify.com/v1/artists/06HL4z0CvFAxyc27GXpf02,06HL4z0CvFAxyc27GXpf02,Taylor Swift,artist,spotify:artist:06HL4z0CvFAxyc27GXpf02
spotify,https://open.spotify.com/artist/06HL4z0CvFAxyc27GXpf02,https://api.spotify.com/v1/artists/06HL4z0CvFAxyc27GXpf02,06HL4z0CvFAxyc27GXpf02,Taylor Swift,artist,spotify:artist:06HL4z0CvFAxyc27GXpf02
spotify,https://open.spotify.com/artist/6jJ0s89eD6GaHleKKya26X,https://api.spotify.com/v1/artists/6jJ0s89eD6GaHleKKya26X,6jJ0s89eD6GaHleKKya26X,Katy Perry,artist,spotify:artist:6jJ0s89eD6GaHleKKya26X
spotify,https://open.spotify.com/artist/6jJ0s89eD6GaHleKKya26X,https://api.spotify.com/v1/artists/6jJ0s89eD6GaHleKKya26X,6jJ0s89eD6GaHleKKya26X,Katy Perry,artist,spotify:artist:6jJ0s89eD6GaHleKKya26X
spotify,https://open.spotify.com/artist/6jJ0s89eD6GaHleKKya26X,https://api.spotify.com/v1/artists/6jJ0s89eD6GaHleKKya26X,6jJ0s89eD6GaHleKKya26X,Katy Perry,artist,spotify:artist:6jJ0s89eD6GaHleKKya26X
spotify,https://open.spotify.com/artist/6jJ0s89eD6GaHleKKya26X,https://api.spotify.com/v1/artists/6jJ0s89eD6GaHleKKya26X,6jJ0s89eD6GaHleKKya26X,Katy Perry,artist,spotify:artist:6jJ0s89eD6GaHleKKya26X
spotify,https://open.spotify.com/artist/6jJ0s89eD6GaHleKKya26X,https://api.spotify.com/v1/artists/6jJ0s89eD6GaHleKKya26X,6jJ0s89eD6GaHleKKya26X,Katy Perry,artist,spotify:artist:6jJ0s89eD6GaHleKKya26X
spotify,https://open.spotify.com/artist/7hJcb9fa4alzcOq3EaNPoG,https://api.spotify.com/v1/artists/7hJcb9fa4alzcOq3EaNPoG,7hJcb9fa4alzcOq3EaNPoG,Snoop Dogg,artist,spotify:artist:7hJcb9fa4alzcOq3EaNPoG
spotify,https://open.spotify.com/artist/6jJ0s89eD6GaHleKKya26X,https://api.spotify.com/v1/artists/6jJ0s89eD6GaHleKKya26X,6jJ0s89eD6GaHleKKya26X,Katy Perry,artist,spotify:artist:6jJ0s89eD6GaHleKKya26X
spotify,https://open.spotify.com/artist/2wpJOPmf1TIOzrB9mzHifd,https://api.spotify.com/v1/artists/2wpJOPmf1TIOzrB9mzHifd,2wpJOPmf1TIOzrB9mzHifd,Scouting For Girls,artist,spotify:artist:2wpJOPmf1TIOzrB9mzHifd
spotify,https://open.spotify.com/artist/2wpJOPmf1TIOzrB9mzHifd,https://api.spotify.com/v1/artists/2wpJOPmf1TIOzrB9mzHifd,2wpJOPmf1TIOzrB9mzHifd,Scouting For Girls,artist,spotify:artist:2wpJOPmf1TIOzrB9mzHifd
spotify,https://open.spotify.com/artist/2wpJOPmf1TIOzrB9mzHifd,https://api.spotify.com/v1/artists/2wpJOPmf1TIOzrB9mzHifd,2wpJOPmf1TIOzrB9mzHifd,Scouting For Girls,artist,spotify:artist:2wpJOPmf1TIOzrB9mzHifd
spotify,https://open.spotify.com/artist/3hv9jJF3adDNsBSIQDqcjp,https://api.spotify.com/v1/artists/3hv9jJF3adDNsBSIQDqcjp,3hv9jJF3adDNsBSIQDqcjp,Mark Ronson,artist,spotify:artist:3hv9jJF3adDNsBSIQDqcjp
spotify,https://open.spotify.com/artist/0du5cEVh5yTK9QJze8zA0C,https://api.spotify.com/v1/artists/0du5cEVh5yTK9QJze8zA0C,0du5cEVh5yTK9QJze8zA0C,Bruno Mars,artist,spotify:artist:0du5cEVh5yTK9QJze8zA0C
spotify,https://open.spotify.com/artist/5WWSL6rElJeUk3Uc1S2RyD,https://api.spotify.com/v1/artists/5WWSL6rElJeUk3Uc1S2RyD,5WWSL6rElJeUk3Uc1S2RyD,Dead Or Alive,artist,spotify:artist:5WWSL6rElJeUk3Uc1S2RyD
spotify,https://open.spotify.com/artist/5WWSL6rElJeUk3Uc1S2RyD,https://api.spotify.com/v1/artists/5WWSL6rElJeUk3Uc1S2RyD,5WWSL6rElJeUk3Uc1S2RyD,Dead Or Alive,artist,spotify:artist:5WWSL6rElJeUk3Uc1S2RyD
spotify,https://open.spotify.com/artist/4yiQZ8tQPux8cPriYMWUFP,https://api.spotify.com/v1/artists/4yiQZ8tQPux8cPriYMWUFP,4yiQZ8tQPux8cPriYMWUFP,Gwen Stefani,artist,spotify:artist:4yiQZ8tQPux8cPriYMWUFP
spotify,https://open.spotify.com/artist/0z4gvV4rjIZ9wHck67ucSV,https://api.spotify.com/v1/artists/0z4gvV4rjIZ9wHck67ucSV,0z4gvV4rjIZ9wHck67ucSV,Akon,artist,spotify:artist:0z4gvV4rjIZ9wHck67ucSV
spotify,https://open.spotify.com/artist/2FXC3k01G6Gw61bmprjgqS,https://api.spotify.com/v1/artists/2FXC3k01G6Gw61bmprjgqS,2FXC3k01G6Gw61bmprjgqS,Hozier,artist,spotify:artist:2FXC3k01G6Gw61bmprjgqS
spotify,https://open.spotify.com/artist/2jzc5TC5TVFLXQlBNiIUzE,https://api.spotify.com/v1/artists/2jzc5TC5TVFLXQlBNiIUzE,2jzc5TC5TVFLXQlBNiIUzE,a-ha,artist,spotify:artist:2jzc5TC5TVFLXQlBNiIUzE
spotify,https://open.spotify.com/artist/3fMbdgg4jU18AjLCKBhRSm,https://api.spotify.com/v1/artists/3fMbdgg4jU18AjLCKBhRSm,3fMbdgg4jU18AjLCKBhRSm,Michael Jackson,artist,spotify:artist:3fMbdgg4jU18AjLCKBhRSm
spotify,https://open.spotify.com/artist/3fMbdgg4jU18AjLCKBhRSm,https://api.spotify.com/v1/artists/3fMbdgg4jU18AjLCKBhRSm,3fMbdgg4jU18AjLCKBhRSm,Michael Jackson,artist,spotify:artist:3fMbdgg4jU18AjLCKBhRSm
spotify,https://open.spotify.com/artist/3fMbdgg4jU18AjLCKBhRSm,https://api.spotify.com/v1/artists/3fMbdgg4jU18AjLCKBhRSm,3fMbdgg4jU18AjLCKBhRSm,Michael Jackson,artist,spotify:artist:3fMbdgg4jU18AjLCKBhRSm
spotify,https://open.spotify.com/artist/3fMbdgg4jU18AjLCKBhRSm,https://api.spotify.com/v1/artists/3fMbdgg4jU18AjLCKBhRSm,3fMbdgg4jU18AjLCKBhRSm,Michael Jackson,artist,spotify:artist:3fMbdgg4jU18AjLCKBhRSm
spotify,https://open.spotify.com/artist/4vnmifnGOeRXfNTRtgd4Tj,https://api.spotify.com/v1/artists/4vnmifnGOeRXfNTRtgd4Tj,4vnmifnGOeRXfNTRtgd4Tj,Sexion d'Assaut,artist,spotify:artist:4vnmifnGOeRXfNTRtgd4Tj
spotify,https://open.spotify.com/artist/0GOx72r5AAEKRGQFn3xqXK,https://api.spotify.com/v1/artists/0GOx72r5AAEKRGQFn3xqXK,0GOx72r5AAEKRGQFn3xqXK,GIMS,artist,spotify:artist:0GOx72r5AAEKRGQFn3xqXK
spotify,https://open.spotify.com/artist/0GOx72r5AAEKRGQFn3xqXK,https://api.spotify.com/v1/artists/0GOx72r5AAEKRGQFn3xqXK,0GOx72r5AAEKRGQFn3xqXK,GIMS,artist,spotify:artist:0GOx72r5AAEKRGQFn3xqXK
spotify,https://open.spotify.com/artist/0GOx72r5AAEKRGQFn3xqXK,https://api.spotify.com/v1/artists/0GOx72r5AAEKRGQFn3xqXK,0GOx72r5AAEKRGQFn3xqXK,GIMS,artist,spotify:artist:0GOx72r5AAEKRGQFn3xqXK
spotify,https://open.spotify.com/artist/5j4HeCoUlzhfWtjAfM1acR,https://api.spotify.com/v1/artists/5j4HeCoUlzhfWtjAfM1acR,5j4HeCoUlzhfWtjAfM1acR,Stromae,artist,spotify:artist:5j4HeCoUlzhfWtjAfM1acR
spotify,https://open.spotify.com/artist/5j4HeCoUlzhfWtjAfM1acR,https://api.spotify.com/v1/artists/5j4HeCoUlzhfWtjAfM1acR,5j4HeCoUlzhfWtjAfM1acR,Stromae,artist,spotify:artist:5j4HeCoUlzhfWtjAfM1acR
spotify,https://open.spotify.com/artist/5j4HeCoUlzhfWtjAfM1acR,https://api.spotify.com/v1/artists/5j4HeCoUlzhfWtjAfM1acR,5j4HeCoUlzhfWtjAfM1acR,Stromae,artist,spotify:artist:5j4HeCoUlzhfWtjAfM1acR
spotify,https://open.spotify.com/artist/5j4HeCoUlzhfWtjAfM1acR,https://api.spotify.com/v1/artists/5j4HeCoUlzhfWtjAfM1acR,5j4HeCoUlzhfWtjAfM1acR,Stromae,artist,spotify:artist:5j4HeCoUlzhfWtjAfM1acR
spotify,https://open.spotify.com/artist/5j4HeCoUlzhfWtjAfM1acR,https://api.spotify.com/v1/artists/5j4HeCoUlzhfWtjAfM1acR,5j4HeCoUlzhfWtjAfM1acR,Stromae,artist,spotify:artist:5j4HeCoUlzhfWtjAfM1acR
spotify,https://open.spotify.com/artist/5j4HeCoUlzhfWtjAfM1acR,https://api.spotify.com/v1/artists/5j4HeCoUlzhfWtjAfM1acR,5j4HeCoUlzhfWtjAfM1acR,Stromae,artist,spotify:artist:5j4HeCoUlzhfWtjAfM1acR
spotify,https://open.spotify.com/artist/5j4HeCoUlzhfWtjAfM1acR,https://api.spotify.com/v1/artists/5j4HeCoUlzhfWtjAfM1acR,5j4HeCoUlzhfWtjAfM1acR,Stromae,artist,spotify:artist:5j4HeCoUlzhfWtjAfM1acR
spotify,https://open.spotify.com/artist/5j4HeCoUlzhfWtjAfM1acR,https://api.spotify.com/v1/artists/5j4HeCoUlzhfWtjAfM1acR,5j4HeCoUlzhfWtjAfM1acR,Stromae,artist,spotify:artist:5j4HeCoUlzhfWtjAfM1acR
spotify,https://open.spotify.com/artist/6Tz0QRoe083BcOo2YbG9lV,https://api.spotify.com/v1/artists/6Tz0QRoe083BcOo2YbG9lV,6Tz0QRoe083BcOo2YbG9lV,Nena,artist,spotify:artist:6Tz0QRoe083BcOo2YbG9lV
spotify,https://open.spotify.com/artist/62GoYifV4njTdvS8lD2yYT,https://api.spotify.com/v1/artists/62GoYifV4njTdvS8lD2yYT,62GoYifV4njTdvS8lD2yYT,insaneintherainmusic,artist,spotify:artist:62GoYifV4njTdvS8lD2yYT
spotify,https://open.spotify.com/artist/3lczz4xabLZK3A8KfMOlgq,https://api.spotify.com/v1/artists/3lczz4xabLZK3A8KfMOlgq,3lczz4xabLZK3A8KfMOlgq,Chris Allison,artist,spotify:artist:3lczz4xabLZK3A8KfMOlgq
spotify,https://open.spotify.com/artist/33YwE27uFjLjx0lAusgLYE,https://api.spotify.com/v1/artists/33YwE27uFjLjx0lAusgLYE,33YwE27uFjLjx0lAusgLYE,Adriana Figueroa,artist,spotify:artist:33YwE27uFjLjx0lAusgLYE
spotify,https://open.spotify.com/artist/3YNLn8zzHU0dhPilmhDaIz,https://api.spotify.com/v1/artists/3YNLn8zzHU0dhPilmhDaIz,3YNLn8zzHU0dhPilmhDaIz,Brandon Miles Shelton,artist,spotify:artist:3YNLn8zzHU0dhPilmhDaIz
spotify,https://open.spotify.com/artist/62GoYifV4njTdvS8lD2yYT,https://api.spotify.com/v1/artists/62GoYifV4njTdvS8lD2yYT,62GoYifV4njTdvS8lD2yYT,insaneintherainmusic,artist,spotify:artist:62GoYifV4njTdvS8lD2yYT
spotify,https://open.spotify.com/artist/3Ww8GMbCDMAGwJJ2hd7z7z,https://api.spotify.com/v1/artists/3Ww8GMbCDMAGwJJ2hd7z7z,3Ww8GMbCDMAGwJJ2hd7z7z,Lena Raine,artist,spotify:artist:3Ww8GMbCDMAGwJJ2hd7z7z
spotify,https://open.spotify.com/artist/5qEtLvXzYdv0G7c7rR6irX,https://api.spotify.com/v1/artists/5qEtLvXzYdv0G7c7rR6irX,5qEtLvXzYdv0G7c7rR6irX,Lyn,artist,spotify:artist:5qEtLvXzYdv0G7c7rR6irX
spotify,https://open.spotify.com/artist/5qEtLvXzYdv0G7c7rR6irX,https://api.spotify.com/v1/artists/5qEtLvXzYdv0G7c7rR6irX,5qEtLvXzYdv0G7c7rR6irX,Lyn,artist,spotify:artist:5qEtLvXzYdv0G7c7rR6irX
spotify,https://open.spotify.com/artist/5qEtLvXzYdv0G7c7rR6irX,https://api.spotify.com/v1/artists/5qEtLvXzYdv0G7c7rR6irX,5qEtLvXzYdv0G7c7rR6irX,Lyn,artist,spotify:artist:5qEtLvXzYdv0G7c7rR6irX
spotify,https://open.spotify.com/artist/5qEtLvXzYdv0G7c7rR6irX,https://api.spotify.com/v1/artists/5qEtLvXzYdv0G7c7rR6irX,5qEtLvXzYdv0G7c7rR6irX,Lyn,artist,spotify:artist:5qEtLvXzYdv0G7c7rR6irX
spotify,https://open.spotify.com/artist/5qEtLvXzYdv0G7c7rR6irX,https://api.spotify.com/v1/artists/5qEtLvXzYdv0G7c7rR6irX,5qEtLvXzYdv0G7c7rR6irX,Lyn,artist,spotify:artist:5qEtLvXzYdv0G7c7rR6irX
spotify,https://open.spotify.com/artist/0uq5PttqEjj3IH1bzwcrXF,https://api.spotify.com/v1/artists/0uq5PttqEjj3IH1bzwcrXF,0uq5PttqEjj3IH1bzwcrXF,Spice Girls,artist,spotify:artist:0uq5PttqEjj3IH1bzwcrXF
spotify,https://open.spotify.com/artist/2ysnwxxNtSgbb9t1m2Ur4j,https://api.spotify.com/v1/artists/2ysnwxxNtSgbb9t1m2Ur4j,2ysnwxxNtSgbb9t1m2Ur4j,George Ezra,artist,spotify:artist:2ysnwxxNtSgbb9t1m2Ur4j
spotify,https://open.spotify.com/artist/2ysnwxxNtSgbb9t1m2Ur4j,https://api.spotify.com/v1/artists/2ysnwxxNtSgbb9t1m2Ur4j,2ysnwxxNtSgbb9t1m2Ur4j,George Ezra,artist,spotify:artist:2ysnwxxNtSgbb9t1m2Ur4j
spotify,https://open.spotify.com/artist/2ysnwxxNtSgbb9t1m2Ur4j,https://api.spotify.com/v1/artists/2ysnwxxNtSgbb9t1m2Ur4j,2ysnwxxNtSgbb9t1m2Ur4j,George Ezra,artist,spotify:artist:2ysnwxxNtSgbb9t1m2Ur4j
spotify,https://open.spotify.com/artist/2ysnwxxNtSgbb9t1m2Ur4j,https://api.spotify.com/v1/artists/2ysnwxxNtSgbb9t1m2Ur4j,2ysnwxxNtSgbb9t1m2Ur4j,George Ezra,artist,spotify:artist:2ysnwxxNtSgbb9t1m2Ur4j
spotify,https://open.spotify.com/artist/0LcJLqbBmaGUft1e9Mm8HV,https://api.spotify.com/v1/artists/0LcJLqbBmaGUft1e9Mm8HV,0LcJLqbBmaGUft1e9Mm8HV,ABBA,artist,spotify:artist:0LcJLqbBmaGUft1e9Mm8HV
spotify,https://open.spotify.com/artist/5lpH0xAS4fVfLkACg9DAuM,https://api.spotify.com/v1/artists/5lpH0xAS4fVfLkACg9DAuM,5lpH0xAS4fVfLkACg9DAuM,Wham!,artist,spotify:artist:5lpH0xAS4fVfLkACg9DAuM
spotify,https://open.spotify.com/artist/0LcJLqbBmaGUft1e9Mm8HV,https://api.spotify.com/v1/artists/0LcJLqbBmaGUft1e9Mm8HV,0LcJLqbBmaGUft1e9Mm8HV,ABBA,artist,spotify:artist:0LcJLqbBmaGUft1e9Mm8HV
spotify,https://open.spotify.com/artist/0LcJLqbBmaGUft1e9Mm8HV,https://api.spotify.com/v1/artists/0LcJLqbBmaGUft1e9Mm8HV,0LcJLqbBmaGUft1e9Mm8HV,ABBA,artist,spotify:artist:0LcJLqbBmaGUft1e9Mm8HV
spotify,https://open.spotify.com/artist/1vCWHaC5f2uS3yhpwWbIA6,https://api.spotify.com/v1/artists/1vCWHaC5f2uS3yhpwWbIA6,1vCWHaC5f2uS3yhpwWbIA6,Avicii,artist,spotify:artist:1vCWHaC5f2uS3yhpwWbIA6
spotify,https://open.spotify.com/artist/5lpH0xAS4fVfLkACg9DAuM,https://api.spotify.com/v1/artists/5lpH0xAS4fVfLkACg9DAuM,5lpH0xAS4fVfLkACg9DAuM,Wham!,artist,spotify:artist:5lpH0xAS4fVfLkACg9DAuM
spotify,https://open.spotify.com/artist/5e4Dhzv426EvQe3aDb64jL,https://api.spotify.com/v1/artists/5e4Dhzv426EvQe3aDb64jL,5e4Dhzv426EvQe3aDb64jL,Shania Twain,artist,spotify:artist:5e4Dhzv426EvQe3aDb64jL
spotify,https://open.spotify.com/artist/13saZpZnCDWOI9D4IJhp1f,https://api.spotify.com/v1/artists/13saZpZnCDWOI9D4IJhp1f,13saZpZnCDWOI9D4IJhp1f,Lily Allen,artist,spotify:artist:13saZpZnCDWOI9D4IJhp1f
spotify,https://open.spotify.com/artist/13saZpZnCDWOI9D4IJhp1f,https://api.spotify.com/v1/artists/13saZpZnCDWOI9D4IJhp1f,13saZpZnCDWOI9D4IJhp1f,Lily Allen,artist,spotify:artist:13saZpZnCDWOI9D4IJhp1f
spotify,https://open.spotify.com/artist/13saZpZnCDWOI9D4IJhp1f,https://api.spotify.com/v1/artists/13saZpZnCDWOI9D4IJhp1f,13saZpZnCDWOI9D4IJhp1f,Lily Allen,artist,spotify:artist:13saZpZnCDWOI9D4IJhp1f
spotify,https://open.spotify.com/artist/1HY2Jd0NmPuamShAr6KMms,https://api.spotify.com/v1/artists/1HY2Jd0NmPuamShAr6KMms,1HY2Jd0NmPuamShAr6KMms,Lady Gaga,artist,spotify:artist:1HY2Jd0NmPuamShAr6KMms
spotify,https://open.spotify.com/artist/6vWDO969PvNqNYHIOW5v0m,https://api.spotify.com/v1/artists/6vWDO969PvNqNYHIOW5v0m,6vWDO969PvNqNYHIOW5v0m,Beyoncé,artist,spotify:artist:6vWDO969PvNqNYHIOW5v0m
spotify,https://open.spotify.com/artist/1HY2Jd0NmPuamShAr6KMms,https://api.spotify.com/v1/artists/1HY2Jd0NmPuamShAr6KMms,1HY2Jd0NmPuamShAr6KMms,Lady Gaga,artist,spotify:artist:1HY2Jd0NmPuamShAr6KMms
spotify,https://open.spotify.com/artist/7fObcBw9VM3x7ntWKCYl0z,https://api.spotify.com/v1/artists/7fObcBw9VM3x7ntWKCYl0z,7fObcBw9VM3x7ntWKCYl0z,Colby O'Donis,artist,spotify:artist:7fObcBw9VM3x7ntWKCYl0z
spotify,https://open.spotify.com/artist/1HY2Jd0NmPuamShAr6KMms,https://api.spotify.com/v1/artists/1HY2Jd0NmPuamShAr6KMms,1HY2Jd0NmPuamShAr6KMms,Lady Gaga,artist,spotify:artist:1HY2Jd0NmPuamShAr6KMms
spotify,https://open.spotify.com/artist/1HY2Jd0NmPuamShAr6KMms,https://api.spotify.com/v1/artists/1HY2Jd0NmPuamShAr6KMms,1HY2Jd0NmPuamShAr6KMms,Lady Gaga,artist,spotify:artist:1HY2Jd0NmPuamShAr6KMms
spotify,https://open.spotify.com/artist/1HY2Jd0NmPuamShAr6KMms,https://api.spotify.com/v1/artists/1HY2Jd0NmPuamShAr6KMms,1HY2Jd0NmPuamShAr6KMms,Lady Gaga,artist,spotify:artist:1HY2Jd0NmPuamShAr6KMms
spotify,https://open.spotify.com/artist/6T5tfhQCknKG4UnH90qGnz,https://api.spotify.com/v1/artists/6T5tfhQCknKG4UnH90qGnz,6T5tfhQCknKG4UnH90qGnz,DNCE,artist,spotify:artist:6T5tfhQCknKG4UnH90qGnz
spotify,https://open.spotify.com/artist/3BmGtnKgCSGYIUhmivXKWX,https://api.spotify.com/v1/artists/3BmGtnKgCSGYIUhmivXKWX,3BmGtnKgCSGYIUhmivXKWX,Kelly Clarkson,artist,spotify:artist:3BmGtnKgCSGYIUhmivXKWX
spotify,https://open.spotify.com/artist/3BmGtnKgCSGYIUhmivXKWX,https://api.spotify.com/v1/artists/3BmGtnKgCSGYIUhmivXKWX,3BmGtnKgCSGYIUhmivXKWX,Kelly Clarkson,artist,spotify:artist:3BmGtnKgCSGYIUhmivXKWX
spotify,https://open.spotify.com/artist/6xeFne1rkxMhKSW3ipvkdV,https://api.spotify.com/v1/artists/6xeFne1rkxMhKSW3ipvkdV,6xeFne1rkxMhKSW3ipvkdV,Toploader,artist,spotify:artist:6xeFne1rkxMhKSW3ipvkdV
spotify,https://open.spotify.com/artist/46lnlnlU0dXTDpoAUmH6Qx,https://api.spotify.com/v1/artists/46lnlnlU0dXTDpoAUmH6Qx,46lnlnlU0dXTDpoAUmH6Qx,Lou Bega,artist,spotify:artist:46lnlnlU0dXTDpoAUmH6Qx
spotify,https://open.spotify.com/artist/7slfeZO9LsJbWgpkIoXBUJ,https://api.spotify.com/v1/artists/7slfeZO9LsJbWgpkIoXBUJ,7slfeZO9LsJbWgpkIoXBUJ,Ricky Martin,artist,spotify:artist:7slfeZO9LsJbWgpkIoXBUJ
spotify,https://open.spotify.com/artist/7xkAwz0bQTGDSbkofyQt3U,https://api.spotify.com/v1/artists/7xkAwz0bQTGDSbkofyQt3U,7xkAwz0bQTGDSbkofyQt3U,Belinda Carlisle,artist,spotify:artist:7xkAwz0bQTGDSbkofyQt3U
spotify,https://open.spotify.com/artist/1aX2dmV8XoHYCOQRxjPESG,https://api.spotify.com/v1/artists/1aX2dmV8XoHYCOQRxjPESG,1aX2dmV8XoHYCOQRxjPESG,The Human League,artist,spotify:artist:1aX2dmV8XoHYCOQRxjPESG
spotify,https://open.spotify.com/artist/7daPb40K64rRtF36wd3ZOk,https://api.spotify.com/v1/artists/7daPb40K64rRtF36wd3ZOk,7daPb40K64rRtF36wd3ZOk,Stephen Schwartz,artist,spotify:artist:7daPb40K64rRtF36wd3ZOk
spotify,https://open.spotify.com/artist/3DgcBA7P0ji5co7Z1Gfp2Q,https://api.spotify.com/v1/artists/3DgcBA7P0ji5co7Z1Gfp2Q,3DgcBA7P0ji5co7Z1Gfp2Q,Kristin Chenoweth,artist,spotify:artist:3DgcBA7P0ji5co7Z1Gfp2Q
spotify,https://open.spotify.com/artist/73Np75Wv2tju61Eo9Zw4IR,https://api.spotify.com/v1/artists/73Np75Wv2tju61Eo9Zw4IR,73Np75Wv2tju61Eo9Zw4IR,Idina Menzel,artist,spotify:artist:73Np75Wv2tju61Eo9Zw4IR
spotify,https://open.spotify.com/artist/1e6BRnFiiwNZl04xu1yqmi,https://api.spotify.com/v1/artists/1e6BRnFiiwNZl04xu1yqmi,1e6BRnFiiwNZl04xu1yqmi,Stephen Oremus,artist,spotify:artist:1e6BRnFiiwNZl04xu1yqmi
spotify,https://open.spotify.com/artist/3FUY2gzHeIiaesXtOAdB7A,https://api.spotify.com/v1/artists/3FUY2gzHeIiaesXtOAdB7A,3FUY2gzHeIiaesXtOAdB7A,Train,artist,spotify:artist:3FUY2gzHeIiaesXtOAdB7A
spotify,https://open.spotify.com/artist/3FUY2gzHeIiaesXtOAdB7A,https://api.spotify.com/v1/artists/3FUY2gzHeIiaesXtOAdB7A,3FUY2gzHeIiaesXtOAdB7A,Train,artist,spotify:artist:3FUY2gzHeIiaesXtOAdB7A
spotify,https://open.spotify.com/artist/3FUY2gzHeIiaesXtOAdB7A,https://api.spotify.com/v1/artists/3FUY2gzHeIiaesXtOAdB7A,3FUY2gzHeIiaesXtOAdB7A,Train,artist,spotify:artist:3FUY2gzHeIiaesXtOAdB7A
spotify,https://open.spotify.com/artist/0du5cEVh5yTK9QJze8zA0C,https://api.spotify.com/v1/artists/0du5cEVh5yTK9QJze8zA0C,0du5cEVh5yTK9QJze8zA0C,Bruno Mars,artist,spotify:artist:0du5cEVh5yTK9QJze8zA0C
spotify,https://open.spotify.com/artist/057gc1fxmJ2vkctjQJ7Tal,https://api.spotify.com/v1/artists/057gc1fxmJ2vkctjQJ7Tal,057gc1fxmJ2vkctjQJ7Tal,The Buggles,artist,spotify:artist:057gc1fxmJ2vkctjQJ7Tal
spotify,https://open.spotify.com/artist/0SdiiPkr02EUdekHZJkt58,https://api.spotify.com/v1/artists/0SdiiPkr02EUdekHZJkt58,0SdiiPkr02EUdekHZJkt58,Hanson,artist,spotify:artist:0SdiiPkr02EUdekHZJkt58
spotify,https://open.spotify.com/artist/06HL4z0CvFAxyc27GXpf02,https://api.spotify.com/v1/artists/06HL4z0CvFAxyc27GXpf02,06HL4z0CvFAxyc27GXpf02,Taylor Swift,artist,spotify:artist:06HL4z0CvFAxyc27GXpf02
spotify,https://open.spotify.com/artist/7GlBOeep6PqTfFi59PTUUN,https://api.spotify.com/v1/artists/7GlBOeep6PqTfFi59PTUUN,7GlBOeep6PqTfFi59PTUUN,Chappell Roan,artist,spotify:artist:7GlBOeep6PqTfFi59PTUUN
spotify,https://open.spotify.com/artist/3eVa5w3URK5duf6eyVDbu9,https://api.spotify.com/v1/artists/3eVa5w3URK5duf6eyVDbu9,3eVa5w3URK5duf6eyVDbu9,ROSÉ,artist,spotify:artist:3eVa5w3URK5duf6eyVDbu9
spotify,https://open.spotify.com/artist/0du5cEVh5yTK9QJze8zA0C,https://api.spotify.com/v1/artists/0du5cEVh5yTK9QJze8zA0C,0du5cEVh5yTK9QJze8zA0C,Bruno Mars,artist,spotify:artist:0du5cEVh5yTK9QJze8zA0C
spotify,https://open.spotify.com/artist/7GlBOeep6PqTfFi59PTUUN,https://api.spotify.com/v1/artists/7GlBOeep6PqTfFi59PTUUN,7GlBOeep6PqTfFi59PTUUN,Chappell Roan,artist,spotify:artist:7GlBOeep6PqTfFi59PTUUN
spotify,https://open.spotify.com/artist/7GlBOeep6PqTfFi59PTUUN,https://api.spotify.com/v1/artists/7GlBOeep6PqTfFi59PTUUN,7GlBOeep6PqTfFi59PTUUN,Chappell Roan,artist,spotify:artist:7GlBOeep6PqTfFi59PTUUN
spotify,https://open.spotify.com/artist/7t0rwkOPGlDPEhaOcVtOt9,https://api.spotify.com/v1/artists/7t0rwkOPGlDPEhaOcVtOt9,7t0rwkOPGlDPEhaOcVtOt9,The Cranberries,artist,spotify:artist:7t0rwkOPGlDPEhaOcVtOt9
spotify,https://open.spotify.com/artist/2wY79sveU1sp5g7SokKOiI,https://api.spotify.com/v1/artists/2wY79sveU1sp5g7SokKOiI,2wY79sveU1sp5g7SokKOiI,Sam Smith,artist,spotify:artist:2wY79sveU1sp5g7SokKOiI
spotify,https://open.spotify.com/artist/1VBflYyxBhnDc9uVib98rw,https://api.spotify.com/v1/artists/1VBflYyxBhnDc9uVib98rw,1VBflYyxBhnDc9uVib98rw,Icona Pop,artist,spotify:artist:1VBflYyxBhnDc9uVib98rw
spotify,https://open.spotify.com/artist/25uiPmTg16RbhZWAqwLBy5,https://api.spotify.com/v1/artists/25uiPmTg16RbhZWAqwLBy5,25uiPmTg16RbhZWAqwLBy5,Charli xcx,artist,spotify:artist:25uiPmTg16RbhZWAqwLBy5
spotify,https://open.spotify.com/artist/2KsP6tYLJlTBvSUxnwlVWa,https://api.spotify.com/v1/artists/2KsP6tYLJlTBvSUxnwlVWa,2KsP6tYLJlTBvSUxnwlVWa,Mike Posner,artist,spotify:artist:2KsP6tYLJlTBvSUxnwlVWa
spotify,https://open.spotify.com/artist/1Bo8Afb2Qbjs4x6kJHyjle,https://api.spotify.com/v1/artists/1Bo8Afb2Qbjs4x6kJHyjle,1Bo8Afb2Qbjs4x6kJHyjle,Gigamesh,artist,spotify:artist:1Bo8Afb2Qbjs4x6kJHyjle
spotify,https://open.spotify.com/artist/7oPftvlwr6VrsViSDV7fJY,https://api.spotify.com/v1/artists/7oPftvlwr6VrsViSDV7fJY,7oPftvlwr6VrsViSDV7fJY,Green Day,artist,spotify:artist:7oPftvlwr6VrsViSDV7fJY
spotify,https://open.spotify.com/artist/7oPftvlwr6VrsViSDV7fJY,https://api.spotify.com/v1/artists/7oPftvlwr6VrsViSDV7fJY,7oPftvlwr6VrsViSDV7fJY,Green Day,artist,spotify:artist:7oPftvlwr6VrsViSDV7fJY
spotify,https://open.spotify.com/artist/7oPftvlwr6VrsViSDV7fJY,https://api.spotify.com/v1/artists/7oPftvlwr6VrsViSDV7fJY,7oPftvlwr6VrsViSDV7fJY,Green Day,artist,spotify:artist:7oPftvlwr6VrsViSDV7fJY
spotify,https://open.spotify.com/artist/7oPftvlwr6VrsViSDV7fJY,https://api.spotify.com/v1/artists/7oPftvlwr6VrsViSDV7fJY,7oPftvlwr6VrsViSDV7fJY,Green Day,artist,spotify:artist:7oPftvlwr6VrsViSDV7fJY
spotify,https://open.spotify.com/artist/3qm84nBOXUEQ2vnTfUTTFC,https://api.spotify.com/v1/artists/3qm84nBOXUEQ2vnTfUTTFC,3qm84nBOXUEQ2vnTfUTTFC,Guns N' Roses,artist,spotify:artist:3qm84nBOXUEQ2vnTfUTTFC
spotify,https://open.spotify.com/artist/1kMfh3vEY0iWX9SDVjvdsd,https://api.spotify.com/v1/artists/1kMfh3vEY0iWX9SDVjvdsd,1kMfh3vEY0iWX9SDVjvdsd,Hear'Say,artist,spotify:artist:1kMfh3vEY0iWX9SDVjvdsd
spotify,https://open.spotify.com/artist/17UkABEasVRlCcIFZ3wHb7,https://api.spotify.com/v1/artists/17UkABEasVRlCcIFZ3wHb7,17UkABEasVRlCcIFZ3wHb7,Steps,artist,spotify:artist:17UkABEasVRlCcIFZ3wHb7
spotify,https://open.spotify.com/artist/17UkABEasVRlCcIFZ3wHb7,https://api.spotify.com/v1/artists/17UkABEasVRlCcIFZ3wHb7,17UkABEasVRlCcIFZ3wHb7,Steps,artist,spotify:artist:17UkABEasVRlCcIFZ3wHb7
spotify,https://open.spotify.com/artist/6tbjWDEIzxoDsBA1FuhfPW,https://api.spotify.com/v1/artists/6tbjWDEIzxoDsBA1FuhfPW,6tbjWDEIzxoDsBA1FuhfPW,Madonna,artist,spotify:artist:6tbjWDEIzxoDsBA1FuhfPW
spotify,https://open.spotify.com/artist/6tbjWDEIzxoDsBA1FuhfPW,https://api.spotify.com/v1/artists/6tbjWDEIzxoDsBA1FuhfPW,6tbjWDEIzxoDsBA1FuhfPW,Madonna,artist,spotify:artist:6tbjWDEIzxoDsBA1FuhfPW
spotify,https://open.spotify.com/artist/0NKDgy9j66h3DLnN8qu1bB,https://api.spotify.com/v1/artists/0NKDgy9j66h3DLnN8qu1bB,0NKDgy9j66h3DLnN8qu1bB,Eurythmics,artist,spotify:artist:0NKDgy9j66h3DLnN8qu1bB
spotify,https://open.spotify.com/artist/5MspMQqdVbdwP6ax3GXqum,https://api.spotify.com/v1/artists/5MspMQqdVbdwP6ax3GXqum,5MspMQqdVbdwP6ax3GXqum,Annie Lennox,artist,spotify:artist:5MspMQqdVbdwP6ax3GXqum
spotify,https://open.spotify.com/artist/7gcCQIlkkfbul5Mt0jBQkg,https://api.spotify.com/v1/artists/7gcCQIlkkfbul5Mt0jBQkg,7gcCQIlkkfbul5Mt0jBQkg,Dave Stewart,artist,spotify:artist:7gcCQIlkkfbul5Mt0jBQkg
spotify,https://open.spotify.com/artist/79bxUQsBIXO8nVLB9fYKf7,https://api.spotify.com/v1/artists/79bxUQsBIXO8nVLB9fYKf7,79bxUQsBIXO8nVLB9fYKf7,Modern Talking,artist,spotify:artist:79bxUQsBIXO8nVLB9fYKf7
spotify,https://open.spotify.com/artist/5MmVJVhhYKQ86izuGHzJYA,https://api.spotify.com/v1/artists/5MmVJVhhYKQ86izuGHzJYA,5MmVJVhhYKQ86izuGHzJYA,MIKA,artist,spotify:artist:5MmVJVhhYKQ86izuGHzJYA
spotify,https://open.spotify.com/artist/5MmVJVhhYKQ86izuGHzJYA,https://api.spotify.com/v1/artists/5MmVJVhhYKQ86izuGHzJYA,5MmVJVhhYKQ86izuGHzJYA,MIKA,artist,spotify:artist:5MmVJVhhYKQ86izuGHzJYA
spotify,https://open.spotify.com/artist/0E3lRHTut04XpirvWC45bn,https://api.spotify.com/v1/artists/0E3lRHTut04XpirvWC45bn,0E3lRHTut04XpirvWC45bn,Ryan McCartan,artist,spotify:artist:0E3lRHTut04XpirvWC45bn
spotify,https://open.spotify.com/artist/5yCkSShz4MTqE4Lp6fVZMz,https://api.spotify.com/v1/artists/5yCkSShz4MTqE4Lp6fVZMz,5yCkSShz4MTqE4Lp6fVZMz,Barrett Wilbert Weed,artist,spotify:artist:5yCkSShz4MTqE4Lp6fVZMz
spotify,https://open.spotify.com/artist/4KyX6IwYaHVTz4KSHtMJw0,https://api.spotify.com/v1/artists/4KyX6IwYaHVTz4KSHtMJw0,4KyX6IwYaHVTz4KSHtMJw0,Michelle Duffy,artist,spotify:artist:4KyX6IwYaHVTz4KSHtMJw0
spotify,https://open.spotify.com/artist/4KyX6IwYaHVTz4KSHtMJw0,https://api.spotify.com/v1/artists/4KyX6IwYaHVTz4KSHtMJw0,4KyX6IwYaHVTz4KSHtMJw0,Michelle Duffy,artist,spotify:artist:4KyX6IwYaHVTz4KSHtMJw0
spotify,https://open.spotify.com/artist/0LOUFAF4plAL7N5hiklRfU,https://api.spotify.com/v1/artists/0LOUFAF4plAL7N5hiklRfU,0LOUFAF4plAL7N5hiklRfU,AJ Meijer,artist,spotify:artist:0LOUFAF4plAL7N5hiklRfU
spotify,https://open.spotify.com/artist/6bXrSoj1NMYCqAp0dEc9NQ,https://api.spotify.com/v1/artists/6bXrSoj1NMYCqAp0dEc9NQ,6bXrSoj1NMYCqAp0dEc9NQ,Rachel Flynn,artist,spotify:artist:6bXrSoj1NMYCqAp0dEc9NQ
spotify,https://open.spotify.com/artist/1ARh5HbkQj54uNxQiVWyQQ,https://api.spotify.com/v1/artists/1ARh5HbkQj54uNxQiVWyQQ,1ARh5HbkQj54uNxQiVWyQQ,Dustin Sullivan,artist,spotify:artist:1ARh5HbkQj54uNxQiVWyQQ
spotify,https://open.spotify.com/artist/69WIieNeF3i0ldgbM9Z00Y,https://api.spotify.com/v1/artists/69WIieNeF3i0ldgbM9Z00Y,69WIieNeF3i0ldgbM9Z00Y,Charissa Hogeland,artist,spotify:artist:69WIieNeF3i0ldgbM9Z00Y
spotify,https://open.spotify.com/artist/2uZSmvyPg0kEoerFjAe0hq,https://api.spotify.com/v1/artists/2uZSmvyPg0kEoerFjAe0hq,2uZSmvyPg0kEoerFjAe0hq,Anthony Crivello,artist,spotify:artist:2uZSmvyPg0kEoerFjAe0hq
spotify,https://open.spotify.com/artist/74c9px24FOFK37ZVY9nYPt,https://api.spotify.com/v1/artists/74c9px24FOFK37ZVY9nYPt,74c9px24FOFK37ZVY9nYPt,Daniel Cooney,artist,spotify:artist:74c9px24FOFK37ZVY9nYPt
spotify,https://open.spotify.com/artist/0E3lRHTut04XpirvWC45bn,https://api.spotify.com/v1/artists/0E3lRHTut04XpirvWC45bn,0E3lRHTut04XpirvWC45bn,Ryan McCartan,artist,spotify:artist:0E3lRHTut04XpirvWC45bn
spotify,https://open.spotify.com/artist/5yCkSShz4MTqE4Lp6fVZMz,https://api.spotify.com/v1/artists/5yCkSShz4MTqE4Lp6fVZMz,5yCkSShz4MTqE4Lp6fVZMz,Barrett Wilbert Weed,artist,spotify:artist:5yCkSShz4MTqE4Lp6fVZMz
spotify,https://open.spotify.com/artist/6hZR3bzXEjjaqDZQbZAVML,https://api.spotify.com/v1/artists/6hZR3bzXEjjaqDZQbZAVML,6hZR3bzXEjjaqDZQbZAVML,Jon Eidson,artist,spotify:artist:6hZR3bzXEjjaqDZQbZAVML
spotify,https://open.spotify.com/artist/4oDa6M02fyYAXln8BOTjyx,https://api.spotify.com/v1/artists/4oDa6M02fyYAXln8BOTjyx,4oDa6M02fyYAXln8BOTjyx,Evan Todd,artist,spotify:artist:4oDa6M02fyYAXln8BOTjyx
spotify,https://open.spotify.com/artist/4oDa6M02fyYAXln8BOTjyx,https://api.spotify.com/v1/artists/4oDa6M02fyYAXln8BOTjyx,4oDa6M02fyYAXln8BOTjyx,Evan Todd,artist,spotify:artist:4oDa6M02fyYAXln8BOTjyx
spotify,https://open.spotify.com/artist/6hZR3bzXEjjaqDZQbZAVML,https://api.spotify.com/v1/artists/6hZR3bzXEjjaqDZQbZAVML,6hZR3bzXEjjaqDZQbZAVML,Jon Eidson,artist,spotify:artist:6hZR3bzXEjjaqDZQbZAVML
spotify,https://open.spotify.com/artist/5yCkSShz4MTqE4Lp6fVZMz,https://api.spotify.com/v1/artists/5yCkSShz4MTqE4Lp6fVZMz,5yCkSShz4MTqE4Lp6fVZMz,Barrett Wilbert Weed,artist,spotify:artist:5yCkSShz4MTqE4Lp6fVZMz
spotify,https://open.spotify.com/artist/5pESuWfJEKxJdEEhZKFDC5,https://api.spotify.com/v1/artists/5pESuWfJEKxJdEEhZKFDC5,5pESuWfJEKxJdEEhZKFDC5,Alice Lee,artist,spotify:artist:5pESuWfJEKxJdEEhZKFDC5
spotify,https://open.spotify.com/artist/6Mbytr4DD854L4vp4J1LEj,https://api.spotify.com/v1/artists/6Mbytr4DD854L4vp4J1LEj,6Mbytr4DD854L4vp4J1LEj,Elle McLemore,artist,spotify:artist:6Mbytr4DD854L4vp4J1LEj
spotify,https://open.spotify.com/artist/5yCkSShz4MTqE4Lp6fVZMz,https://api.spotify.com/v1/artists/5yCkSShz4MTqE4Lp6fVZMz,5yCkSShz4MTqE4Lp6fVZMz,Barrett Wilbert Weed,artist,spotify:artist:5yCkSShz4MTqE4Lp6fVZMz
spotify,https://open.spotify.com/artist/0E3lRHTut04XpirvWC45bn,https://api.spotify.com/v1/artists/0E3lRHTut04XpirvWC45bn,0E3lRHTut04XpirvWC45bn,Ryan McCartan,artist,spotify:artist:0E3lRHTut04XpirvWC45bn
spotify,https://open.spotify.com/artist/6hZR3bzXEjjaqDZQbZAVML,https://api.spotify.com/v1/artists/6hZR3bzXEjjaqDZQbZAVML,6hZR3bzXEjjaqDZQbZAVML,Jon Eidson,artist,spotify:artist:6hZR3bzXEjjaqDZQbZAVML
spotify,https://open.spotify.com/artist/4oDa6M02fyYAXln8BOTjyx,https://api.spotify.com/v1/artists/4oDa6M02fyYAXln8BOTjyx,4oDa6M02fyYAXln8BOTjyx,Evan Todd,artist,spotify:artist:4oDa6M02fyYAXln8BOTjyx
spotify,https://open.spotify.com/artist/5yCkSShz4MTqE4Lp6fVZMz,https://api.spotify.com/v1/artists/5yCkSShz4MTqE4Lp6fVZMz,5yCkSShz4MTqE4Lp6fVZMz,Barrett Wilbert Weed,artist,spotify:artist:5yCkSShz4MTqE4Lp6fVZMz
spotify,https://open.spotify.com/artist/5U2zidY0OdTB6P5axinwOZ,https://api.spotify.com/v1/artists/5U2zidY0OdTB6P5axinwOZ,5U2zidY0OdTB6P5axinwOZ,Jessica Keenan Wynn,artist,spotify:artist:5U2zidY0OdTB6P5axinwOZ
spotify,https://open.spotify.com/artist/5pESuWfJEKxJdEEhZKFDC5,https://api.spotify.com/v1/artists/5pESuWfJEKxJdEEhZKFDC5,5pESuWfJEKxJdEEhZKFDC5,Alice Lee,artist,spotify:artist:5pESuWfJEKxJdEEhZKFDC5
spotify,https://open.spotify.com/artist/0E3lRHTut04XpirvWC45bn,https://api.spotify.com/v1/artists/0E3lRHTut04XpirvWC45bn,0E3lRHTut04XpirvWC45bn,Ryan McCartan,artist,spotify:artist:0E3lRHTut04XpirvWC45bn
spotify,https://open.spotify.com/artist/5yCkSShz4MTqE4Lp6fVZMz,https://api.spotify.com/v1/artists/5yCkSShz4MTqE4Lp6fVZMz,5yCkSShz4MTqE4Lp6fVZMz,Barrett Wilbert Weed,artist,spotify:artist:5yCkSShz4MTqE4Lp6fVZMz
spotify,https://open.spotify.com/artist/0LyfQWJT6nXafLPZqxe9Of,https://api.spotify.com/v1/artists/0LyfQWJT6nXafLPZqxe9Of,0LyfQWJT6nXafLPZqxe9Of,Various Artists,artist,spotify:artist:0LyfQWJT6nXafLPZqxe9Of
spotify,https://open.spotify.com/artist/5U2zidY0OdTB6P5axinwOZ,https://api.spotify.com/v1/artists/5U2zidY0OdTB6P5axinwOZ,5U2zidY0OdTB6P5axinwOZ,Jessica Keenan Wynn,artist,spotify:artist:5U2zidY0OdTB6P5axinwOZ
spotify,https://open.spotify.com/artist/5pESuWfJEKxJdEEhZKFDC5,https://api.spotify.com/v1/artists/5pESuWfJEKxJdEEhZKFDC5,5pESuWfJEKxJdEEhZKFDC5,Alice Lee,artist,spotify:artist:5pESuWfJEKxJdEEhZKFDC5
spotify,https://open.spotify.com/artist/6Mbytr4DD854L4vp4J1LEj,https://api.spotify.com/v1/artists/6Mbytr4DD854L4vp4J1LEj,6Mbytr4DD854L4vp4J1LEj,Elle McLemore,artist,spotify:artist:6Mbytr4DD854L4vp4J1LEj
spotify,https://open.spotify.com/artist/5yCkSShz4MTqE4Lp6fVZMz,https://api.spotify.com/v1/artists/5yCkSShz4MTqE4Lp6fVZMz,5yCkSShz4MTqE4Lp6fVZMz,Barrett Wilbert Weed,artist,spotify:artist:5yCkSShz4MTqE4Lp6fVZMz
spotify,https://open.spotify.com/artist/6u0kZHLrtCxD7vEqIO5Knt,https://api.spotify.com/v1/artists/6u0kZHLrtCxD7vEqIO5Knt,6u0kZHLrtCxD7vEqIO5Knt,Katie Ladner,artist,spotify:artist:6u0kZHLrtCxD7vEqIO5Knt
spotify,https://open.spotify.com/artist/5pESuWfJEKxJdEEhZKFDC5,https://api.spotify.com/v1/artists/5pESuWfJEKxJdEEhZKFDC5,5pESuWfJEKxJdEEhZKFDC5,Alice Lee,artist,spotify:artist:5pESuWfJEKxJdEEhZKFDC5
spotify,https://open.spotify.com/artist/5U2zidY0OdTB6P5axinwOZ,https://api.spotify.com/v1/artists/5U2zidY0OdTB6P5axinwOZ,5U2zidY0OdTB6P5axinwOZ,Jessica Keenan Wynn,artist,spotify:artist:5U2zidY0OdTB6P5axinwOZ
spotify,https://open.spotify.com/artist/6Mbytr4DD854L4vp4J1LEj,https://api.spotify.com/v1/artists/6Mbytr4DD854L4vp4J1LEj,6Mbytr4DD854L4vp4J1LEj,Elle McLemore,artist,spotify:artist:6Mbytr4DD854L4vp4J1LEj
spotify,https://open.spotify.com/artist/3OPl8pWnz8rdYTiaNQ0eMv,https://api.spotify.com/v1/artists/3OPl8pWnz8rdYTiaNQ0eMv,3OPl8pWnz8rdYTiaNQ0eMv,Mike Faist,artist,spotify:artist:3OPl8pWnz8rdYTiaNQ0eMv
spotify,https://open.spotify.com/artist/6qGkLCMQkNGOJ079iEcC5k,https://api.spotify.com/v1/artists/6qGkLCMQkNGOJ079iEcC5k,6qGkLCMQkNGOJ079iEcC5k,Ben Platt,artist,spotify:artist:6qGkLCMQkNGOJ079iEcC5k
spotify,https://open.spotify.com/artist/31Rv7Yk0rBrYdQ0ELNZDaR,https://api.spotify.com/v1/artists/31Rv7Yk0rBrYdQ0ELNZDaR,31Rv7Yk0rBrYdQ0ELNZDaR,Kristolyn Lloyd,artist,spotify:artist:31Rv7Yk0rBrYdQ0ELNZDaR
spotify,https://open.spotify.com/artist/2FYB9zfwe2ayj4zfNeh466,https://api.spotify.com/v1/artists/2FYB9zfwe2ayj4zfNeh466,2FYB9zfwe2ayj4zfNeh466,Will Roland,artist,spotify:artist:2FYB9zfwe2ayj4zfNeh466
spotify,https://open.spotify.com/artist/3P8W0rYcexMlnGDDPoh5I3,https://api.spotify.com/v1/artists/3P8W0rYcexMlnGDDPoh5I3,3P8W0rYcexMlnGDDPoh5I3,Jennifer Laura Thompson,artist,spotify:artist:3P8W0rYcexMlnGDDPoh5I3
spotify,https://open.spotify.com/artist/5bi4lyuj5ZrayYKlibl9ij,https://api.spotify.com/v1/artists/5bi4lyuj5ZrayYKlibl9ij,5bi4lyuj5ZrayYKlibl9ij,Original Broadway Cast of Dear Evan Hansen,artist,spotify:artist:5bi4lyuj5ZrayYKlibl9ij
spotify,https://open.spotify.com/artist/73sIMDrtvzFVs4Y1WkUpTd,https://api.spotify.com/v1/artists/73sIMDrtvzFVs4Y1WkUpTd,73sIMDrtvzFVs4Y1WkUpTd,Rachel Bay Jones,artist,spotify:artist:73sIMDrtvzFVs4Y1WkUpTd
spotify,https://open.spotify.com/artist/31Rv7Yk0rBrYdQ0ELNZDaR,https://api.spotify.com/v1/artists/31Rv7Yk0rBrYdQ0ELNZDaR,31Rv7Yk0rBrYdQ0ELNZDaR,Kristolyn Lloyd,artist,spotify:artist:31Rv7Yk0rBrYdQ0ELNZDaR
spotify,https://open.spotify.com/artist/2FYB9zfwe2ayj4zfNeh466,https://api.spotify.com/v1/artists/2FYB9zfwe2ayj4zfNeh466,2FYB9zfwe2ayj4zfNeh466,Will Roland,artist,spotify:artist:2FYB9zfwe2ayj4zfNeh466
spotify,https://open.spotify.com/artist/6qGkLCMQkNGOJ079iEcC5k,https://api.spotify.com/v1/artists/6qGkLCMQkNGOJ079iEcC5k,6qGkLCMQkNGOJ079iEcC5k,Ben Platt,artist,spotify:artist:6qGkLCMQkNGOJ079iEcC5k
spotify,https://open.spotify.com/artist/6qGkLCMQkNGOJ079iEcC5k,https://api.spotify.com/v1/artists/6qGkLCMQkNGOJ079iEcC5k,6qGkLCMQkNGOJ079iEcC5k,Ben Platt,artist,spotify:artist:6qGkLCMQkNGOJ079iEcC5k
spotify,https://open.spotify.com/artist/31Rv7Yk0rBrYdQ0ELNZDaR,https://api.spotify.com/v1/artists/31Rv7Yk0rBrYdQ0ELNZDaR,31Rv7Yk0rBrYdQ0ELNZDaR,Kristolyn Lloyd,artist,spotify:artist:31Rv7Yk0rBrYdQ0ELNZDaR
spotify,https://open.spotify.com/artist/2FYB9zfwe2ayj4zfNeh466,https://api.spotify.com/v1/artists/2FYB9zfwe2ayj4zfNeh466,2FYB9zfwe2ayj4zfNeh466,Will Roland,artist,spotify:artist:2FYB9zfwe2ayj4zfNeh466
spotify,https://open.spotify.com/artist/5hqM93qFRmwRv3QGrLO0jK,https://api.spotify.com/v1/artists/5hqM93qFRmwRv3QGrLO0jK,5hqM93qFRmwRv3QGrLO0jK,Laura Dreyfuss,artist,spotify:artist:5hqM93qFRmwRv3QGrLO0jK
spotify,https://open.spotify.com/artist/5bi4lyuj5ZrayYKlibl9ij,https://api.spotify.com/v1/artists/5bi4lyuj5ZrayYKlibl9ij,5bi4lyuj5ZrayYKlibl9ij,Original Broadway Cast of Dear Evan Hansen,artist,spotify:artist:5bi4lyuj5ZrayYKlibl9ij
spotify,https://open.spotify.com/artist/6qGkLCMQkNGOJ079iEcC5k,https://api.spotify.com/v1/artists/6qGkLCMQkNGOJ079iEcC5k,6qGkLCMQkNGOJ079iEcC5k,Ben Platt,artist,spotify:artist:6qGkLCMQkNGOJ079iEcC5k
spotify,https://open.spotify.com/artist/5hqM93qFRmwRv3QGrLO0jK,https://api.spotify.com/v1/artists/5hqM93qFRmwRv3QGrLO0jK,5hqM93qFRmwRv3QGrLO0jK,Laura Dreyfuss,artist,spotify:artist:5hqM93qFRmwRv3QGrLO0jK
spotify,https://open.spotify.com/artist/5hqM93qFRmwRv3QGrLO0jK,https://api.spotify.com/v1/artists/5hqM93qFRmwRv3QGrLO0jK,5hqM93qFRmwRv3QGrLO0jK,Laura Dreyfuss,artist,spotify:artist:5hqM93qFRmwRv3QGrLO0jK
spotify,https://open.spotify.com/artist/2fPpoCU3oYJkQERSp1nXY2,https://api.spotify.com/v1/artists/2fPpoCU3oYJkQERSp1nXY2,2fPpoCU3oYJkQERSp1nXY2,Michael Park,artist,spotify:artist:2fPpoCU3oYJkQERSp1nXY2
spotify,https://open.spotify.com/artist/3P8W0rYcexMlnGDDPoh5I3,https://api.spotify.com/v1/artists/3P8W0rYcexMlnGDDPoh5I3,3P8W0rYcexMlnGDDPoh5I3,Jennifer Laura Thompson,artist,spotify:artist:3P8W0rYcexMlnGDDPoh5I3
spotify,https://open.spotify.com/artist/3OPl8pWnz8rdYTiaNQ0eMv,https://api.spotify.com/v1/artists/3OPl8pWnz8rdYTiaNQ0eMv,3OPl8pWnz8rdYTiaNQ0eMv,Mike Faist,artist,spotify:artist:3OPl8pWnz8rdYTiaNQ0eMv
spotify,https://open.spotify.com/artist/6qGkLCMQkNGOJ079iEcC5k,https://api.spotify.com/v1/artists/6qGkLCMQkNGOJ079iEcC5k,6qGkLCMQkNGOJ079iEcC5k,Ben Platt,artist,spotify:artist:6qGkLCMQkNGOJ079iEcC5k
spotify,https://open.spotify.com/artist/2FYB9zfwe2ayj4zfNeh466,https://api.spotify.com/v1/artists/2FYB9zfwe2ayj4zfNeh466,2FYB9zfwe2ayj4zfNeh466,Will Roland,artist,spotify:artist:2FYB9zfwe2ayj4zfNeh466
spotify,https://open.spotify.com/artist/73sIMDrtvzFVs4Y1WkUpTd,https://api.spotify.com/v1/artists/73sIMDrtvzFVs4Y1WkUpTd,73sIMDrtvzFVs4Y1WkUpTd,Rachel Bay Jones,artist,spotify:artist:73sIMDrtvzFVs4Y1WkUpTd
spotify,https://open.spotify.com/artist/3P8W0rYcexMlnGDDPoh5I3,https://api.spotify.com/v1/artists/3P8W0rYcexMlnGDDPoh5I3,3P8W0rYcexMlnGDDPoh5I3,Jennifer Laura Thompson,artist,spotify:artist:3P8W0rYcexMlnGDDPoh5I3
spotify,https://open.spotify.com/artist/6qGkLCMQkNGOJ079iEcC5k,https://api.spotify.com/v1/artists/6qGkLCMQkNGOJ079iEcC5k,6qGkLCMQkNGOJ079iEcC5k,Ben Platt,artist,spotify:artist:6qGkLCMQkNGOJ079iEcC5k
spotify,https://open.spotify.com/artist/5bi4lyuj5ZrayYKlibl9ij,https://api.spotify.com/v1/artists/5bi4lyuj5ZrayYKlibl9ij,5bi4lyuj5ZrayYKlibl9ij,Original Broadway Cast of Dear Evan Hansen,artist,spotify:artist:5bi4lyuj5ZrayYKlibl9ij
spotify,https://open.spotify.com/artist/3hjgA2bJfvsFAbHNM60dvG,https://api.spotify.com/v1/artists/3hjgA2bJfvsFAbHNM60dvG,3hjgA2bJfvsFAbHNM60dvG,Erika Henningsen,artist,spotify:artist:3hjgA2bJfvsFAbHNM60dvG
spotify,https://open.spotify.com/artist/0EcmCI0dVPDdkPciENZ6x7,https://api.spotify.com/v1/artists/0EcmCI0dVPDdkPciENZ6x7,0EcmCI0dVPDdkPciENZ6x7,Kerry Butler,artist,spotify:artist:0EcmCI0dVPDdkPciENZ6x7
spotify,https://open.spotify.com/artist/63B0hWuxUFKwNwR8yIXq44,https://api.spotify.com/v1/artists/63B0hWuxUFKwNwR8yIXq44,63B0hWuxUFKwNwR8yIXq44,Cheech Manohar,artist,spotify:artist:63B0hWuxUFKwNwR8yIXq44
spotify,https://open.spotify.com/artist/2KQkMalf7OhRjrGy9rfwKk,https://api.spotify.com/v1/artists/2KQkMalf7OhRjrGy9rfwKk,2KQkMalf7OhRjrGy9rfwKk,Mathletes,artist,spotify:artist:2KQkMalf7OhRjrGy9rfwKk
spotify,https://open.spotify.com/artist/6B1foTh2pK3K4MKQzYaKRu,https://api.spotify.com/v1/artists/6B1foTh2pK3K4MKQzYaKRu,6B1foTh2pK3K4MKQzYaKRu,Original Broadway Cast of Mean Girls,artist,spotify:artist:6B1foTh2pK3K4MKQzYaKRu
spotify,https://open.spotify.com/artist/3hjgA2bJfvsFAbHNM60dvG,https://api.spotify.com/v1/artists/3hjgA2bJfvsFAbHNM60dvG,3hjgA2bJfvsFAbHNM60dvG,Erika Henningsen,artist,spotify:artist:3hjgA2bJfvsFAbHNM60dvG
spotify,https://open.spotify.com/artist/6B1foTh2pK3K4MKQzYaKRu,https://api.spotify.com/v1/artists/6B1foTh2pK3K4MKQzYaKRu,6B1foTh2pK3K4MKQzYaKRu,Original Broadway Cast of Mean Girls,artist,spotify:artist:6B1foTh2pK3K4MKQzYaKRu
spotify,https://open.spotify.com/artist/5yCkSShz4MTqE4Lp6fVZMz,https://api.spotify.com/v1/artists/5yCkSShz4MTqE4Lp6fVZMz,5yCkSShz4MTqE4Lp6fVZMz,Barrett Wilbert Weed,artist,spotify:artist:5yCkSShz4MTqE4Lp6fVZMz
spotify,https://open.spotify.com/artist/6B1foTh2pK3K4MKQzYaKRu,https://api.spotify.com/v1/artists/6B1foTh2pK3K4MKQzYaKRu,6B1foTh2pK3K4MKQzYaKRu,Original Broadway Cast of Mean Girls,artist,spotify:artist:6B1foTh2pK3K4MKQzYaKRu
spotify,https://open.spotify.com/artist/1f0vGTFXE64SLuypBV8zB0,https://api.spotify.com/v1/artists/1f0vGTFXE64SLuypBV8zB0,1f0vGTFXE64SLuypBV8zB0,Taylor Louderman,artist,spotify:artist:1f0vGTFXE64SLuypBV8zB0
spotify,https://open.spotify.com/artist/6B1foTh2pK3K4MKQzYaKRu,https://api.spotify.com/v1/artists/6B1foTh2pK3K4MKQzYaKRu,6B1foTh2pK3K4MKQzYaKRu,Original Broadway Cast of Mean Girls,artist,spotify:artist:6B1foTh2pK3K4MKQzYaKRu
spotify,https://open.spotify.com/artist/3hjgA2bJfvsFAbHNM60dvG,https://api.spotify.com/v1/artists/3hjgA2bJfvsFAbHNM60dvG,3hjgA2bJfvsFAbHNM60dvG,Erika Henningsen,artist,spotify:artist:3hjgA2bJfvsFAbHNM60dvG
spotify,https://open.spotify.com/artist/0qiFtC52T37zXjHl0DDMAr,https://api.spotify.com/v1/artists/0qiFtC52T37zXjHl0DDMAr,0qiFtC52T37zXjHl0DDMAr,Kyle Selig,artist,spotify:artist:0qiFtC52T37zXjHl0DDMAr
spotify,https://open.spotify.com/artist/63B0hWuxUFKwNwR8yIXq44,https://api.spotify.com/v1/artists/63B0hWuxUFKwNwR8yIXq44,63B0hWuxUFKwNwR8yIXq44,Cheech Manohar,artist,spotify:artist:63B0hWuxUFKwNwR8yIXq44
spotify,https://open.spotify.com/artist/3hjgA2bJfvsFAbHNM60dvG,https://api.spotify.com/v1/artists/3hjgA2bJfvsFAbHNM60dvG,3hjgA2bJfvsFAbHNM60dvG,Erika Henningsen,artist,spotify:artist:3hjgA2bJfvsFAbHNM60dvG
spotify,https://open.spotify.com/artist/59QZR94fPLVcOx2sWEk7xn,https://api.spotify.com/v1/artists/59QZR94fPLVcOx2sWEk7xn,59QZR94fPLVcOx2sWEk7xn,Ashley Park,artist,spotify:artist:59QZR94fPLVcOx2sWEk7xn
spotify,https://open.spotify.com/artist/4kHxu1UJeYLB0ZkBQZdqT2,https://api.spotify.com/v1/artists/4kHxu1UJeYLB0ZkBQZdqT2,4kHxu1UJeYLB0ZkBQZdqT2,Kate Rockwell,artist,spotify:artist:4kHxu1UJeYLB0ZkBQZdqT2
spotify,https://open.spotify.com/artist/6B1foTh2pK3K4MKQzYaKRu,https://api.spotify.com/v1/artists/6B1foTh2pK3K4MKQzYaKRu,6B1foTh2pK3K4MKQzYaKRu,Original Broadway Cast of Mean Girls,artist,spotify:artist:6B1foTh2pK3K4MKQzYaKRu
spotify,https://open.spotify.com/artist/3hjgA2bJfvsFAbHNM60dvG,https://api.spotify.com/v1/artists/3hjgA2bJfvsFAbHNM60dvG,3hjgA2bJfvsFAbHNM60dvG,Erika Henningsen,artist,spotify:artist:3hjgA2bJfvsFAbHNM60dvG
spotify,https://open.spotify.com/artist/59QZR94fPLVcOx2sWEk7xn,https://api.spotify.com/v1/artists/59QZR94fPLVcOx2sWEk7xn,59QZR94fPLVcOx2sWEk7xn,Ashley Park,artist,spotify:artist:59QZR94fPLVcOx2sWEk7xn
spotify,https://open.spotify.com/artist/4kHxu1UJeYLB0ZkBQZdqT2,https://api.spotify.com/v1/artists/4kHxu1UJeYLB0ZkBQZdqT2,4kHxu1UJeYLB0ZkBQZdqT2,Kate Rockwell,artist,spotify:artist:4kHxu1UJeYLB0ZkBQZdqT2
spotify,https://open.spotify.com/artist/6B1foTh2pK3K4MKQzYaKRu,https://api.spotify.com/v1/artists/6B1foTh2pK3K4MKQzYaKRu,6B1foTh2pK3K4MKQzYaKRu,Original Broadway Cast of Mean Girls,artist,spotify:artist:6B1foTh2pK3K4MKQzYaKRu
spotify,https://open.spotify.com/artist/3iMYbOWvKWy8lsjhf7Dkcf,https://api.spotify.com/v1/artists/3iMYbOWvKWy8lsjhf7Dkcf,3iMYbOWvKWy8lsjhf7Dkcf,Grey Henson,artist,spotify:artist:3iMYbOWvKWy8lsjhf7Dkcf
spotify,https://open.spotify.com/artist/5yCkSShz4MTqE4Lp6fVZMz,https://api.spotify.com/v1/artists/5yCkSShz4MTqE4Lp6fVZMz,5yCkSShz4MTqE4Lp6fVZMz,Barrett Wilbert Weed,artist,spotify:artist:5yCkSShz4MTqE4Lp6fVZMz
spotify,https://open.spotify.com/artist/3hjgA2bJfvsFAbHNM60dvG,https://api.spotify.com/v1/artists/3hjgA2bJfvsFAbHNM60dvG,3hjgA2bJfvsFAbHNM60dvG,Erika Henningsen,artist,spotify:artist:3hjgA2bJfvsFAbHNM60dvG
spotify,https://open.spotify.com/artist/6B1foTh2pK3K4MKQzYaKRu,https://api.spotify.com/v1/artists/6B1foTh2pK3K4MKQzYaKRu,6B1foTh2pK3K4MKQzYaKRu,Original Broadway Cast of Mean Girls,artist,spotify:artist:6B1foTh2pK3K4MKQzYaKRu
spotify,https://open.spotify.com/artist/1f0vGTFXE64SLuypBV8zB0,https://api.spotify.com/v1/artists/1f0vGTFXE64SLuypBV8zB0,1f0vGTFXE64SLuypBV8zB0,Taylor Louderman,artist,spotify:artist:1f0vGTFXE64SLuypBV8zB0
spotify,https://open.spotify.com/artist/0qiFtC52T37zXjHl0DDMAr,https://api.spotify.com/v1/artists/0qiFtC52T37zXjHl0DDMAr,0qiFtC52T37zXjHl0DDMAr,Kyle Selig,artist,spotify:artist:0qiFtC52T37zXjHl0DDMAr
spotify,https://open.spotify.com/artist/6B1foTh2pK3K4MKQzYaKRu,https://api.spotify.com/v1/artists/6B1foTh2pK3K4MKQzYaKRu,6B1foTh2pK3K4MKQzYaKRu,Original Broadway Cast of Mean Girls,artist,spotify:artist:6B1foTh2pK3K4MKQzYaKRu
spotify,https://open.spotify.com/artist/4kHxu1UJeYLB0ZkBQZdqT2,https://api.spotify.com/v1/artists/4kHxu1UJeYLB0ZkBQZdqT2,4kHxu1UJeYLB0ZkBQZdqT2,Kate Rockwell,artist,spotify:artist:4kHxu1UJeYLB0ZkBQZdqT2
spotify,https://open.spotify.com/artist/6B1foTh2pK3K4MKQzYaKRu,https://api.spotify.com/v1/artists/6B1foTh2pK3K4MKQzYaKRu,6B1foTh2pK3K4MKQzYaKRu,Original Broadway Cast of Mean Girls,artist,spotify:artist:6B1foTh2pK3K4MKQzYaKRu
spotify,https://open.spotify.com/artist/5yCkSShz4MTqE4Lp6fVZMz,https://api.spotify.com/v1/artists/5yCkSShz4MTqE4Lp6fVZMz,5yCkSShz4MTqE4Lp6fVZMz,Barrett Wilbert Weed,artist,spotify:artist:5yCkSShz4MTqE4Lp6fVZMz
spotify,https://open.spotify.com/artist/3hjgA2bJfvsFAbHNM60dvG,https://api.spotify.com/v1/artists/3hjgA2bJfvsFAbHNM60dvG,3hjgA2bJfvsFAbHNM60dvG,Erika Henningsen,artist,spotify:artist:3hjgA2bJfvsFAbHNM60dvG
spotify,https://open.spotify.com/artist/3hjgA2bJfvsFAbHNM60dvG,https://api.spotify.com/v1/artists/3hjgA2bJfvsFAbHNM60dvG,3hjgA2bJfvsFAbHNM60dvG,Erika Henningsen,artist,spotify:artist:3hjgA2bJfvsFAbHNM60dvG
spotify,https://open.spotify.com/artist/6B1foTh2pK3K4MKQzYaKRu,https://api.spotify.com/v1/artists/6B1foTh2pK3K4MKQzYaKRu,6B1foTh2pK3K4MKQzYaKRu,Original Broadway Cast of Mean Girls,artist,spotify:artist:6B1foTh2pK3K4MKQzYaKRu
spotify,https://open.spotify.com/artist/3iMYbOWvKWy8lsjhf7Dkcf,https://api.spotify.com/v1/artists/3iMYbOWvKWy8lsjhf7Dkcf,3iMYbOWvKWy8lsjhf7Dkcf,Grey Henson,artist,spotify:artist:3iMYbOWvKWy8lsjhf7Dkcf
spotify,https://open.spotify.com/artist/5yCkSShz4MTqE4Lp6fVZMz,https://api.spotify.com/v1/artists/5yCkSShz4MTqE4Lp6fVZMz,5yCkSShz4MTqE4Lp6fVZMz,Barrett Wilbert Weed,artist,spotify:artist:5yCkSShz4MTqE4Lp6fVZMz
spotify,https://open.spotify.com/artist/1f0vGTFXE64SLuypBV8zB0,https://api.spotify.com/v1/artists/1f0vGTFXE64SLuypBV8zB0,1f0vGTFXE64SLuypBV8zB0,Taylor Louderman,artist,spotify:artist:1f0vGTFXE64SLuypBV8zB0
spotify,https://open.spotify.com/artist/59QZR94fPLVcOx2sWEk7xn,https://api.spotify.com/v1/artists/59QZR94fPLVcOx2sWEk7xn,59QZR94fPLVcOx2sWEk7xn,Ashley Park,artist,spotify:artist:59QZR94fPLVcOx2sWEk7xn
spotify,https://open.spotify.com/artist/4kHxu1UJeYLB0ZkBQZdqT2,https://api.spotify.com/v1/artists/4kHxu1UJeYLB0ZkBQZdqT2,4kHxu1UJeYLB0ZkBQZdqT2,Kate Rockwell,artist,spotify:artist:4kHxu1UJeYLB0ZkBQZdqT2
spotify,https://open.spotify.com/artist/3hjgA2bJfvsFAbHNM60dvG,https://api.spotify.com/v1/artists/3hjgA2bJfvsFAbHNM60dvG,3hjgA2bJfvsFAbHNM60dvG,Erika Henningsen,artist,spotify:artist:3hjgA2bJfvsFAbHNM60dvG
spotify,https://open.spotify.com/artist/5yCkSShz4MTqE4Lp6fVZMz,https://api.spotify.com/v1/artists/5yCkSShz4MTqE4Lp6fVZMz,5yCkSShz4MTqE4Lp6fVZMz,Barrett Wilbert Weed,artist,spotify:artist:5yCkSShz4MTqE4Lp6fVZMz
spotify,https://open.spotify.com/artist/3iMYbOWvKWy8lsjhf7Dkcf,https://api.spotify.com/v1/artists/3iMYbOWvKWy8lsjhf7Dkcf,3iMYbOWvKWy8lsjhf7Dkcf,Grey Henson,artist,spotify:artist:3iMYbOWvKWy8lsjhf7Dkcf
spotify,https://open.spotify.com/artist/3hjgA2bJfvsFAbHNM60dvG,https://api.spotify.com/v1/artists/3hjgA2bJfvsFAbHNM60dvG,3hjgA2bJfvsFAbHNM60dvG,Erika Henningsen,artist,spotify:artist:3hjgA2bJfvsFAbHNM60dvG
spotify,https://open.spotify.com/artist/6B1foTh2pK3K4MKQzYaKRu,https://api.spotify.com/v1/artists/6B1foTh2pK3K4MKQzYaKRu,6B1foTh2pK3K4MKQzYaKRu,Original Broadway Cast of Mean Girls,artist,spotify:artist:6B1foTh2pK3K4MKQzYaKRu
spotify,https://open.spotify.com/artist/1moxjboGR7GNWYIMWsRjgG,https://api.spotify.com/v1/artists/1moxjboGR7GNWYIMWsRjgG,1moxjboGR7GNWYIMWsRjgG,Florence + The Machine,artist,spotify:artist:1moxjboGR7GNWYIMWsRjgG
spotify,https://open.spotify.com/artist/20JZFwl6HVl6yg8a4H3ZqK,https://api.spotify.com/v1/artists/20JZFwl6HVl6yg8a4H3ZqK,20JZFwl6HVl6yg8a4H3ZqK,Panic! At The Disco,artist,spotify:artist:20JZFwl6HVl6yg8a4H3ZqK
spotify,https://open.spotify.com/artist/20JZFwl6HVl6yg8a4H3ZqK,https://api.spotify.com/v1/artists/20JZFwl6HVl6yg8a4H3ZqK,20JZFwl6HVl6yg8a4H3ZqK,Panic! At The Disco,artist,spotify:artist:20JZFwl6HVl6yg8a4H3ZqK
spotify,https://open.spotify.com/artist/20JZFwl6HVl6yg8a4H3ZqK,https://api.spotify.com/v1/artists/20JZFwl6HVl6yg8a4H3ZqK,20JZFwl6HVl6yg8a4H3ZqK,Panic! At The Disco,artist,spotify:artist:20JZFwl6HVl6yg8a4H3ZqK
spotify,https://open.spotify.com/artist/20JZFwl6HVl6yg8a4H3ZqK,https://api.spotify.com/v1/artists/20JZFwl6HVl6yg8a4H3ZqK,20JZFwl6HVl6yg8a4H3ZqK,Panic! At The Disco,artist,spotify:artist:20JZFwl6HVl6yg8a4H3ZqK
spotify,https://open.spotify.com/artist/20JZFwl6HVl6yg8a4H3ZqK,https://api.spotify.com/v1/artists/20JZFwl6HVl6yg8a4H3ZqK,20JZFwl6HVl6yg8a4H3ZqK,Panic! At The Disco,artist,spotify:artist:20JZFwl6HVl6yg8a4H3ZqK
spotify,https://open.spotify.com/artist/4RVnAU35WRWra6OZ3CbbMA,https://api.spotify.com/v1/artists/4RVnAU35WRWra6OZ3CbbMA,4RVnAU35WRWra6OZ3CbbMA,Kylie Minogue,artist,spotify:artist:4RVnAU35WRWra6OZ3CbbMA
spotify,https://open.spotify.com/artist/4RVnAU35WRWra6OZ3CbbMA,https://api.spotify.com/v1/artists/4RVnAU35WRWra6OZ3CbbMA,4RVnAU35WRWra6OZ3CbbMA,Kylie Minogue,artist,spotify:artist:4RVnAU35WRWra6OZ3CbbMA
spotify,https://open.spotify.com/artist/4RVnAU35WRWra6OZ3CbbMA,https://api.spotify.com/v1/artists/4RVnAU35WRWra6OZ3CbbMA,4RVnAU35WRWra6OZ3CbbMA,Kylie Minogue,artist,spotify:artist:4RVnAU35WRWra6OZ3CbbMA
spotify,https://open.spotify.com/artist/0lZoBs4Pzo7R89JM9lxwoT,https://api.spotify.com/v1/artists/0lZoBs4Pzo7R89JM9lxwoT,0lZoBs4Pzo7R89JM9lxwoT,Duran Duran,artist,spotify:artist:0lZoBs4Pzo7R89JM9lxwoT
spotify,https://open.spotify.com/artist/762310PdDnwsDxAQxzQkfX,https://api.spotify.com/v1/artists/762310PdDnwsDxAQxzQkfX,762310PdDnwsDxAQxzQkfX,Depeche Mode,artist,spotify:artist:762310PdDnwsDxAQxzQkfX
spotify,https://open.spotify.com/artist/762310PdDnwsDxAQxzQkfX,https://api.spotify.com/v1/artists/762310PdDnwsDxAQxzQkfX,762310PdDnwsDxAQxzQkfX,Depeche Mode,artist,spotify:artist:762310PdDnwsDxAQxzQkfX
spotify,https://open.spotify.com/artist/6c4sUNBgdonFJz8Kx2VsGz,https://api.spotify.com/v1/artists/6c4sUNBgdonFJz8Kx2VsGz,6c4sUNBgdonFJz8Kx2VsGz,Madcon,artist,spotify:artist:6c4sUNBgdonFJz8Kx2VsGz
spotify,https://open.spotify.com/artist/4e0nWw2r4BoQSKPQ2zpU13,https://api.spotify.com/v1/artists/4e0nWw2r4BoQSKPQ2zpU13,4e0nWw2r4BoQSKPQ2zpU13,Ray Dalton,artist,spotify:artist:4e0nWw2r4BoQSKPQ2zpU13
spotify,https://open.spotify.com/artist/6c4sUNBgdonFJz8Kx2VsGz,https://api.spotify.com/v1/artists/6c4sUNBgdonFJz8Kx2VsGz,6c4sUNBgdonFJz8Kx2VsGz,Madcon,artist,spotify:artist:6c4sUNBgdonFJz8Kx2VsGz
spotify,https://open.spotify.com/artist/5UoVLCWzOKMIJ9iioof9OD,https://api.spotify.com/v1/artists/5UoVLCWzOKMIJ9iioof9OD,5UoVLCWzOKMIJ9iioof9OD,CeCe Peniston,artist,spotify:artist:5UoVLCWzOKMIJ9iioof9OD
spotify,https://open.spotify.com/artist/26dSoYclwsYLMAKD3tpOr4,https://api.spotify.com/v1/artists/26dSoYclwsYLMAKD3tpOr4,26dSoYclwsYLMAKD3tpOr4,Britney Spears,artist,spotify:artist:26dSoYclwsYLMAKD3tpOr4
spotify,https://open.spotify.com/artist/6zlR5ttMfMNmwf2lecU9Cc,https://api.spotify.com/v1/artists/6zlR5ttMfMNmwf2lecU9Cc,6zlR5ttMfMNmwf2lecU9Cc,Sam Fender,artist,spotify:artist:6zlR5ttMfMNmwf2lecU9Cc
spotify,https://open.spotify.com/artist/3YQKmKGau1PzlVlkL1iodx,https://api.spotify.com/v1/artists/3YQKmKGau1PzlVlkL1iodx,3YQKmKGau1PzlVlkL1iodx,Twenty One Pilots,artist,spotify:artist:3YQKmKGau1PzlVlkL1iodx
spotify,https://open.spotify.com/artist/3YQKmKGau1PzlVlkL1iodx,https://api.spotify.com/v1/artists/3YQKmKGau1PzlVlkL1iodx,3YQKmKGau1PzlVlkL1iodx,Twenty One Pilots,artist,spotify:artist:3YQKmKGau1PzlVlkL1iodx
spotify,https://open.spotify.com/artist/3YQKmKGau1PzlVlkL1iodx,https://api.spotify.com/v1/artists/3YQKmKGau1PzlVlkL1iodx,3YQKmKGau1PzlVlkL1iodx,Twenty One Pilots,artist,spotify:artist:3YQKmKGau1PzlVlkL1iodx
spotify,https://open.spotify.com/artist/3YQKmKGau1PzlVlkL1iodx,https://api.spotify.com/v1/artists/3YQKmKGau1PzlVlkL1iodx,3YQKmKGau1PzlVlkL1iodx,Twenty One Pilots,artist,spotify:artist:3YQKmKGau1PzlVlkL1iodx
spotify,https://open.spotify.com/artist/3YQKmKGau1PzlVlkL1iodx,https://api.spotify.com/v1/artists/3YQKmKGau1PzlVlkL1iodx,3YQKmKGau1PzlVlkL1iodx,Twenty One Pilots,artist,spotify:artist:3YQKmKGau1PzlVlkL1iodx
spotify,https://open.spotify.com/artist/26dSoYclwsYLMAKD3tpOr4,https://api.spotify.com/v1/artists/26dSoYclwsYLMAKD3tpOr4,26dSoYclwsYLMAKD3tpOr4,Britney Spears,artist,spotify:artist:26dSoYclwsYLMAKD3tpOr4
spotify,https://open.spotify.com/artist/2wY79sveU1sp5g7SokKOiI,https://api.spotify.com/v1/artists/2wY79sveU1sp5g7SokKOiI,2wY79sveU1sp5g7SokKOiI,Sam Smith,artist,spotify:artist:2wY79sveU1sp5g7SokKOiI
spotify,https://open.spotify.com/artist/6zlR5ttMfMNmwf2lecU9Cc,https://api.spotify.com/v1/artists/6zlR5ttMfMNmwf2lecU9Cc,6zlR5ttMfMNmwf2lecU9Cc,Sam Fender,artist,spotify:artist:6zlR5ttMfMNmwf2lecU9Cc
spotify,https://open.spotify.com/artist/6zlR5ttMfMNmwf2lecU9Cc,https://api.spotify.com/v1/artists/6zlR5ttMfMNmwf2lecU9Cc,6zlR5ttMfMNmwf2lecU9Cc,Sam Fender,artist,spotify:artist:6zlR5ttMfMNmwf2lecU9Cc
spotify,https://open.spotify.com/artist/6zlR5ttMfMNmwf2lecU9Cc,https://api.spotify.com/v1/artists/6zlR5ttMfMNmwf2lecU9Cc,6zlR5ttMfMNmwf2lecU9Cc,Sam Fender,artist,spotify:artist:6zlR5ttMfMNmwf2lecU9Cc
spotify,https://open.spotify.com/artist/6zlR5ttMfMNmwf2lecU9Cc,https://api.spotify.com/v1/artists/6zlR5ttMfMNmwf2lecU9Cc,6zlR5ttMfMNmwf2lecU9Cc,Sam Fender,artist,spotify:artist:6zlR5ttMfMNmwf2lecU9Cc
spotify,https://open.spotify.com/artist/6zlR5ttMfMNmwf2lecU9Cc,https://api.spotify.com/v1/artists/6zlR5ttMfMNmwf2lecU9Cc,6zlR5ttMfMNmwf2lecU9Cc,Sam Fender,artist,spotify:artist:6zlR5ttMfMNmwf2lecU9Cc
